,PC1,PC2,PC3,sample_id,Super_Population,Population,Population_Description
0,-54986.49667564463,5976.026528607058,2631.1836479647113,HG00096,EUR,GBR,British in England and Scotland
1,-63628.567777578246,14094.406328501102,8108.054142318057,HG00097,EUR,GBR,British in England and Scotland
2,-53057.04585034513,6409.048013132691,-17893.752057373604,HG00099,EUR,GBR,British in England and Scotland
3,-47360.40054891313,11358.845705306676,-12556.092069621383,HG00100,EUR,GBR,British in England and Scotland
4,-55612.704446457115,8738.79765960968,-10062.301955269764,HG00101,EUR,GBR,British in England and Scotland
5,-53458.653592731396,5114.419835885513,-5629.078189847275,HG00102,EUR,GBR,British in England and Scotland
6,-58133.37523056912,5098.741498932202,3752.9491212959915,HG00103,EUR,GBR,British in England and Scotland
7,-58473.284243761605,7995.731727595102,-5746.829812531222,HG00105,EUR,GBR,British in England and Scotland
8,-35340.29916828992,8784.456096817967,7199.624356113187,HG00106,EUR,GBR,British in England and Scotland
9,-54639.5657095319,8934.210669195023,11484.490891249485,HG00107,EUR,GBR,British in England and Scotland
10,-47326.29565918422,14445.31374572225,-15586.968522039497,HG00108,EUR,GBR,British in England and Scotland
11,-49954.010568601385,6300.850762633874,-6701.360001492762,HG00109,EUR,GBR,British in England and Scotland
12,-59944.877327863454,14713.130226057647,-2943.6372627279725,HG00110,EUR,GBR,British in England and Scotland
13,-55855.69692568318,4444.916423741912,9698.48427755836,HG00111,EUR,GBR,British in England and Scotland
14,-39567.71912301451,-492.80154919687243,17296.737735336144,HG00112,EUR,GBR,British in England and Scotland
15,-40475.289957617795,10785.855039181099,2521.522434659785,HG00113,EUR,GBR,British in England and Scotland
16,-49669.73642309091,3938.220290925591,-5528.347588519842,HG00114,EUR,GBR,British in England and Scotland
17,-50362.37067575514,2484.995820210498,-11654.480727353519,HG00115,EUR,GBR,British in England and Scotland
18,-48193.58362808207,1086.6273803811591,7295.0426375186935,HG00116,EUR,GBR,British in England and Scotland
19,-47668.99810829063,1398.4622101739985,7045.62398361147,HG00117,EUR,GBR,British in England and Scotland
20,-52355.03889778002,-223.25939421199166,-11487.410770844197,HG00118,EUR,GBR,British in England and Scotland
21,-50232.08325607836,12210.826570606738,2548.4661430541573,HG00119,EUR,GBR,British in England and Scotland
22,-43413.65634123419,5818.519021924187,-4611.725392132268,HG00120,EUR,GBR,British in England and Scotland
23,-45590.97505663222,-697.4624854297841,167.9814734356822,HG00121,EUR,GBR,British in England and Scotland
24,-46764.43184382279,8618.034804041534,817.3993894245887,HG00122,EUR,GBR,British in England and Scotland
25,-45334.100171931634,12484.417296544716,-21005.00138420063,HG00123,EUR,GBR,British in England and Scotland
26,-54185.5795653446,12308.79688186902,4439.7332210555205,HG00125,EUR,GBR,British in England and Scotland
27,-69025.8760793674,4742.711796641671,-3577.055095222189,HG00126,EUR,GBR,British in England and Scotland
28,-49761.61251926438,2983.28249991247,2043.1635197897194,HG00127,EUR,GBR,British in England and Scotland
29,-49699.58310358169,-86.98107026653204,-18724.426749022292,HG00128,EUR,GBR,British in England and Scotland
30,-43203.759098034185,7396.420905138962,15955.963961147701,HG00129,EUR,GBR,British in England and Scotland
31,-41715.578748932676,11715.112111623159,687.0047219574227,HG00130,EUR,GBR,British in England and Scotland
32,-60674.194249440836,12571.092795774754,-14079.26191505132,HG00131,EUR,GBR,British in England and Scotland
33,-73820.98729949206,2763.067725200335,3391.0282624454767,HG00132,EUR,GBR,British in England and Scotland
34,-40833.268446763555,3439.0856777784966,15458.214397454218,HG00133,EUR,GBR,British in England and Scotland
35,-45750.86738482773,11628.531028712778,3077.655312672798,HG00136,EUR,GBR,British in England and Scotland
36,-40005.23317452297,12413.27057240523,-9528.532488495337,HG00137,EUR,GBR,British in England and Scotland
37,-61599.837952903225,1794.1138930020925,-7975.241209776891,HG00138,EUR,GBR,British in England and Scotland
38,-46426.31149733844,11374.537323756082,12819.641798764973,HG00139,EUR,GBR,British in England and Scotland
39,-53034.28650196945,4009.997051686247,-7489.289804778224,HG00140,EUR,GBR,British in England and Scotland
40,-49893.68074047775,9103.437325277688,-8404.279640295805,HG00141,EUR,GBR,British in England and Scotland
41,-55405.25594617393,2914.3098270825594,-6041.857359973014,HG00142,EUR,GBR,British in England and Scotland
42,-27797.163551660826,4436.105980813601,-13327.112024714774,HG00143,EUR,GBR,British in England and Scotland
43,-34908.13709613577,16738.50557599492,-10259.883751435236,HG00145,EUR,GBR,British in England and Scotland
44,-61510.25418447893,4115.643024236234,-8997.93239479579,HG00146,EUR,GBR,British in England and Scotland
45,-63470.437560198254,4620.69315513318,-4840.24813405928,HG00148,EUR,GBR,British in England and Scotland
46,-45065.20380343945,2336.3513188666325,15073.860470494888,HG00149,EUR,GBR,British in England and Scotland
47,-52179.8559233488,8235.890647510758,-439.5992642796559,HG00150,EUR,GBR,British in England and Scotland
48,-54469.02663073052,-594.016723032789,6940.744362133907,HG00151,EUR,GBR,British in England and Scotland
49,-61283.97632416357,6397.742115101925,-10985.412380859301,HG00154,EUR,GBR,British in England and Scotland
50,-43409.11019607103,6905.684117983126,-14407.228134700601,HG00155,EUR,GBR,British in England and Scotland
51,-58763.98084252397,7876.283342978564,4141.756750050464,HG00157,EUR,GBR,British in England and Scotland
52,-50950.695322844804,5643.824193156544,-106.52453578377481,HG00158,EUR,GBR,British in England and Scotland
53,-61616.68779427673,11847.680367984174,6330.8833770895235,HG00159,EUR,GBR,British in England and Scotland
54,-44447.486209532086,18219.0964411332,2781.0865486275284,HG00160,EUR,GBR,British in England and Scotland
55,-28038.197667192908,18241.671319825753,4067.962413919227,HG00171,EUR,FIN,Finnish in Finland
56,-45915.195996084774,8540.171289614062,4993.130091844542,HG00173,EUR,FIN,Finnish in Finland
57,-38412.599160689686,-945.717859998447,2783.8767165854065,HG00174,EUR,FIN,Finnish in Finland
58,-17699.774871341422,8399.256352082062,3844.0770398655013,HG00176,EUR,FIN,Finnish in Finland
59,-23128.58145674759,2722.598939875373,-4282.004765473159,HG00177,EUR,FIN,Finnish in Finland
60,-44033.004876994586,12719.740162542916,2906.8166916054392,HG00178,EUR,FIN,Finnish in Finland
61,-34525.38462940322,13070.537663075442,-7891.065893441966,HG00179,EUR,FIN,Finnish in Finland
62,-36549.73170243846,5915.454833312359,-11954.935339443113,HG00180,EUR,FIN,Finnish in Finland
63,-27638.727299579063,15795.275589861372,-706.0837618637789,HG00181,EUR,FIN,Finnish in Finland
64,-30303.1333601868,4803.792650329165,-7848.824285067857,HG00182,EUR,FIN,Finnish in Finland
65,-42795.63890435604,8004.079102029847,-17035.282256985465,HG00183,EUR,FIN,Finnish in Finland
66,-24724.265480084483,5830.718038503094,-6385.942901138528,HG00185,EUR,FIN,Finnish in Finland
67,-36480.452839275225,4909.532405412474,-15075.577232023406,HG00186,EUR,FIN,Finnish in Finland
68,-31143.42305403306,6341.01917501555,1680.3563427504794,HG00187,EUR,FIN,Finnish in Finland
69,-41049.19171654724,8194.279875962759,2026.2382653393024,HG00188,EUR,FIN,Finnish in Finland
70,-15152.283483456,13591.987495960075,-944.9461689230112,HG00189,EUR,FIN,Finnish in Finland
71,-46808.5278313583,13743.195261394361,-19179.915819943977,HG00190,EUR,FIN,Finnish in Finland
72,-53831.65000162671,35.504734820537266,-8036.784119393343,HG00231,EUR,GBR,British in England and Scotland
73,-49099.67602281862,14627.178137253093,1896.7505105241319,HG00232,EUR,GBR,British in England and Scotland
74,-52780.14948332796,3874.441960432925,-10335.031992235552,HG00233,EUR,GBR,British in England and Scotland
75,-53302.59264847851,3850.047987357581,192.84157595879526,HG00234,EUR,GBR,British in England and Scotland
76,-50389.596618655036,5024.84279574745,-17475.712025931203,HG00235,EUR,GBR,British in England and Scotland
77,-29243.530156198452,15126.881054740057,-165.2167907979218,HG00236,EUR,GBR,British in England and Scotland
78,-40924.35536844,14801.731958603188,7899.365057078207,HG00237,EUR,GBR,British in England and Scotland
79,-43397.86782588254,6495.80893862814,-5659.523719608578,HG00238,EUR,GBR,British in England and Scotland
80,-45155.807357716745,7383.178267033088,22407.853508416458,HG00239,EUR,GBR,British in England and Scotland
81,-68864.96595701728,11088.92601452015,-7655.154202957678,HG00240,EUR,GBR,British in England and Scotland
82,-47490.7843780041,9534.02539970504,2308.8215768804525,HG00242,EUR,GBR,British in England and Scotland
83,-43834.306311529166,11229.987692078876,-22371.182768341845,HG00243,EUR,GBR,British in England and Scotland
84,-40652.30173496571,18900.894130400022,2140.1945765154333,HG00244,EUR,GBR,British in England and Scotland
85,-45288.29116419558,10942.412918140777,4164.833778788672,HG00245,EUR,GBR,British in England and Scotland
86,-55429.17427629849,4522.926129164244,6303.843727124234,HG00246,EUR,GBR,British in England and Scotland
87,-46971.17334052345,10731.86865143935,-5544.295816171676,HG00250,EUR,GBR,British in England and Scotland
88,-62152.561827549194,7821.591200043382,-7358.738196548606,HG00251,EUR,GBR,British in England and Scotland
89,-44717.42156777667,1352.5672576071177,5663.037831331442,HG00252,EUR,GBR,British in England and Scotland
90,-57029.72441250807,19186.634471987876,5758.119456974164,HG00253,EUR,GBR,British in England and Scotland
91,-44579.06540636699,11438.353110535872,15533.800919740968,HG00254,EUR,GBR,British in England and Scotland
92,-51583.56405991197,15451.873067327391,-5331.209203610433,HG00255,EUR,GBR,British in England and Scotland
93,-68981.40586223592,929.655523479744,-5060.167080672856,HG00256,EUR,GBR,British in England and Scotland
94,-50417.54594828819,2937.6343449470014,10017.186830385579,HG00257,EUR,GBR,British in England and Scotland
95,-48901.17514802679,16542.133311950565,-9116.86849026644,HG00258,EUR,GBR,British in England and Scotland
96,-48457.3432412281,12637.339393179825,198.00762352027343,HG00259,EUR,GBR,British in England and Scotland
97,-64328.06853614856,12596.751264983035,711.1451031723833,HG00260,EUR,GBR,British in England and Scotland
98,-47463.87668189207,14227.981936758944,10720.222761100878,HG00261,EUR,GBR,British in England and Scotland
99,-54637.70443381749,5033.437779612587,-3818.8840425585654,HG00262,EUR,GBR,British in England and Scotland
100,-64176.49168108618,11526.411558120115,1014.788188683341,HG00263,EUR,GBR,British in England and Scotland
101,-65289.565933904094,16197.617088560219,-4559.1509115344725,HG00264,EUR,GBR,British in England and Scotland
102,-61365.431466570415,6853.34898215235,-10745.890017716458,HG00265,EUR,GBR,British in England and Scotland
103,-24030.156023931642,-4718.098731904924,-12266.084008032289,HG00266,EUR,FIN,Finnish in Finland
104,-32333.43312116854,17818.239316384777,-16414.758992609855,HG00267,EUR,FIN,Finnish in Finland
105,-39186.97533571501,124.64592319320215,-1247.354182393833,HG00268,EUR,FIN,Finnish in Finland
106,-22904.97936862112,15515.050147950104,-10030.896684985213,HG00269,EUR,FIN,Finnish in Finland
107,-36353.85716300076,11866.448811190126,-3060.7590164651415,HG00271,EUR,FIN,Finnish in Finland
108,-56552.725020260914,-2166.684885267187,4673.2868353319145,HG00272,EUR,FIN,Finnish in Finland
109,-47028.47930445375,5495.355553612621,2721.7274317441106,HG00273,EUR,FIN,Finnish in Finland
110,-40970.64507595816,9295.987325931308,13681.032734207341,HG00274,EUR,FIN,Finnish in Finland
111,-47970.76500039786,11269.026971294323,-14948.252993723077,HG00275,EUR,FIN,Finnish in Finland
112,-50749.06428393057,9685.810903026866,-23756.710654556904,HG00276,EUR,FIN,Finnish in Finland
113,-56827.176422991746,13735.409480976263,-3687.084564949006,HG00277,EUR,FIN,Finnish in Finland
114,-32313.164149083277,-3521.406049003297,1866.7591111465292,HG00278,EUR,FIN,Finnish in Finland
115,-58997.439602879786,6864.1590319523675,-14697.375776027191,HG00280,EUR,FIN,Finnish in Finland
116,-23363.887068452044,8327.0934427647,7507.658379665151,HG00281,EUR,FIN,Finnish in Finland
117,-37546.15338907136,815.8639621239722,439.5549725547289,HG00282,EUR,FIN,Finnish in Finland
118,-43980.21944378183,1034.1321297697064,5946.764540024856,HG00284,EUR,FIN,Finnish in Finland
119,-37204.28157251431,4400.114579543302,-13571.97588210536,HG00285,EUR,FIN,Finnish in Finland
120,-44184.878872043766,7803.394417175141,-6670.961862214582,HG00288,EUR,FIN,Finnish in Finland
121,-50869.29616518107,-2366.71802082022,1569.42011990304,HG00290,EUR,FIN,Finnish in Finland
122,-43923.04427668078,8689.325179171758,3541.803671959228,HG00304,EUR,FIN,Finnish in Finland
123,-32048.00409102641,1164.5608531256075,-504.43448717008954,HG00306,EUR,FIN,Finnish in Finland
124,-27061.965624056007,11260.689663168814,12328.250272846852,HG00308,EUR,FIN,Finnish in Finland
125,-29623.938636670537,14082.883365179523,-12383.13307745956,HG00309,EUR,FIN,Finnish in Finland
126,-40284.34045945834,15731.234492897991,14262.026265043549,HG00310,EUR,FIN,Finnish in Finland
127,-47642.00347679755,4573.015169140482,-9533.123921807637,HG00311,EUR,FIN,Finnish in Finland
128,-33683.19064334263,12084.891821105603,-18327.710570139938,HG00313,EUR,FIN,Finnish in Finland
129,-25921.319415610036,9438.246831815732,17497.664400625312,HG00315,EUR,FIN,Finnish in Finland
130,-23914.343814495503,8199.462057774612,-3929.0026213916026,HG00318,EUR,FIN,Finnish in Finland
131,-36623.33496344772,11940.261025814878,-5587.120975205012,HG00319,EUR,FIN,Finnish in Finland
132,-38430.71959847922,10599.80945614921,-14915.698467934522,HG00320,EUR,FIN,Finnish in Finland
133,-38160.54546666355,8890.481968525237,-18297.665817877012,HG00321,EUR,FIN,Finnish in Finland
134,-52239.25485443932,2396.136826672158,19056.59350027557,HG00323,EUR,FIN,Finnish in Finland
135,-34628.84464664475,16434.908030206247,-5081.271230514663,HG00324,EUR,FIN,Finnish in Finland
136,-47152.85370885119,11375.244345319672,13808.989108258767,HG00325,EUR,FIN,Finnish in Finland
137,-25108.873029014958,8319.345331292363,353.19263609687704,HG00326,EUR,FIN,Finnish in Finland
138,-39527.887682092034,10106.461876173877,-3415.5165877141726,HG00327,EUR,FIN,Finnish in Finland
139,-45116.30636466541,10187.804481153478,7664.144163610451,HG00328,EUR,FIN,Finnish in Finland
140,-44881.145458942345,394.2958034959619,-7598.1711805842615,HG00329,EUR,FIN,Finnish in Finland
141,-43652.85228625838,13417.692408635732,4802.745490686544,HG00330,EUR,FIN,Finnish in Finland
142,-50369.0190036504,10704.554397742117,3018.4804758135847,HG00331,EUR,FIN,Finnish in Finland
143,-50395.330340397144,3514.0566626454206,-10648.620423966826,HG00332,EUR,FIN,Finnish in Finland
144,-42417.77171315077,11853.381878208895,-17770.067179333815,HG00334,EUR,FIN,Finnish in Finland
145,-37584.65030493365,10828.686128241101,-5372.061829602306,HG00335,EUR,FIN,Finnish in Finland
146,-45864.83681488533,2224.9383637066135,-11767.805752729715,HG00336,EUR,FIN,Finnish in Finland
147,-42502.155666630606,4808.068650601944,-7512.36816565941,HG00337,EUR,FIN,Finnish in Finland
148,-22340.31031451539,8591.034624563783,960.2750091069335,HG00338,EUR,FIN,Finnish in Finland
149,-42043.93364941685,2506.531922985871,-5764.583547209691,HG00339,EUR,FIN,Finnish in Finland
150,-44495.15750835328,8808.893852871226,-7590.038923284796,HG00341,EUR,FIN,Finnish in Finland
151,-39104.23136480734,9410.78025614489,-1591.6977666969854,HG00342,EUR,FIN,Finnish in Finland
152,-34951.92299207795,10173.627693514443,10530.897544842835,HG00343,EUR,FIN,Finnish in Finland
153,-26885.448812084353,-75.07167041279494,5810.558637561455,HG00344,EUR,FIN,Finnish in Finland
154,-41825.55802360375,6277.895981004142,-6988.937421367557,HG00345,EUR,FIN,Finnish in Finland
155,-42725.86012502916,11441.696218164006,6424.452921705467,HG00346,EUR,FIN,Finnish in Finland
156,-31016.946859948584,1006.8380074050104,14150.45359352485,HG00349,EUR,FIN,Finnish in Finland
157,-32538.238626447852,13470.680567149191,15974.013551024984,HG00350,EUR,FIN,Finnish in Finland
158,-24517.60147837551,5636.314147429694,-14349.523643291324,HG00351,EUR,FIN,Finnish in Finland
159,-15696.777887802487,4203.539802553956,-14093.200124425435,HG00353,EUR,FIN,Finnish in Finland
160,-37515.600269195296,2856.9811085387896,387.86973362698825,HG00355,EUR,FIN,Finnish in Finland
161,-38077.83834044564,7282.326405498039,8056.994846172691,HG00356,EUR,FIN,Finnish in Finland
162,-21344.093734479116,5265.373260568758,3507.741465254931,HG00357,EUR,FIN,Finnish in Finland
163,-41961.13618308524,2404.2322628947077,-9529.214515041574,HG00358,EUR,FIN,Finnish in Finland
164,-31380.182665471104,678.7950713342385,-776.7111647620762,HG00360,EUR,FIN,Finnish in Finland
165,-50357.70889234877,-3099.1651369805686,11753.213217265888,HG00361,EUR,FIN,Finnish in Finland
166,-28022.929288715117,4635.89690153299,10003.516410182834,HG00362,EUR,FIN,Finnish in Finland
167,-52252.63265937332,15635.22508187287,-15090.789890927275,HG00364,EUR,FIN,Finnish in Finland
168,-40041.975216093684,1349.6088445558069,-5191.786136157549,HG00365,EUR,FIN,Finnish in Finland
169,-39849.26291686308,11504.798893608815,18346.899890420893,HG00366,EUR,FIN,Finnish in Finland
170,-35040.03318687213,9100.02948462572,-10305.522460659573,HG00367,EUR,FIN,Finnish in Finland
171,-16302.391601240653,12129.332021873635,14600.109605565145,HG00368,EUR,FIN,Finnish in Finland
172,-41626.807338971536,11193.618380794116,-3218.054800024084,HG00369,EUR,FIN,Finnish in Finland
173,-49164.96561603571,15114.955811779319,-1471.1441652121648,HG00371,EUR,FIN,Finnish in Finland
174,-33659.394095949414,8619.11771458696,1713.8915528905613,HG00372,EUR,FIN,Finnish in Finland
175,-29353.83177796805,10212.760824084513,-9580.23176794106,HG00373,EUR,FIN,Finnish in Finland
176,-26920.861162720554,13117.04521375726,-9784.416006630026,HG00375,EUR,FIN,Finnish in Finland
177,-41211.100433247484,6404.998867796575,3241.9988676763273,HG00376,EUR,FIN,Finnish in Finland
178,-37564.70488949817,10319.419832713216,6783.448039986458,HG00378,EUR,FIN,Finnish in Finland
179,-28449.316412519347,10522.476788113108,7752.794381960513,HG00379,EUR,FIN,Finnish in Finland
180,-50794.79391907285,2860.947333220721,6193.103291677289,HG00380,EUR,FIN,Finnish in Finland
181,-33746.0082930503,4989.631345117256,12867.102563433878,HG00381,EUR,FIN,Finnish in Finland
182,-8757.632136216882,15920.620686757973,1185.4595372343313,HG00382,EUR,FIN,Finnish in Finland
183,-18134.109167234707,8700.775870674617,-1480.4757469104563,HG00383,EUR,FIN,Finnish in Finland
184,-46099.36209593612,4901.728852317275,-6131.959033483453,HG00384,EUR,FIN,Finnish in Finland
185,121128.06648261246,11922.296623584967,-10310.075973473418,HG00404,EAS,CHS,"Southern Han Chinese, China"
186,132489.37665765308,16137.96647952613,5665.911620229704,HG00406,EAS,CHS,"Southern Han Chinese, China"
187,115677.22792996817,11137.020060024137,10231.889710370122,HG00407,EAS,CHS,"Southern Han Chinese, China"
188,124238.75196066071,15959.883173470987,-2472.3729329086427,HG00410,EAS,CHS,"Southern Han Chinese, China"
189,143983.97950267934,24154.242574123855,-1480.252050766482,HG00421,EAS,CHS,"Southern Han Chinese, China"
190,129717.83030552797,12291.487908518997,1178.922855187882,HG00437,EAS,CHS,"Southern Han Chinese, China"
191,112465.40665929923,12396.626065127624,6199.3767973381555,HG00442,EAS,CHS,"Southern Han Chinese, China"
192,102597.50721422798,743.9130997221982,8607.640264745956,HG00448,EAS,CHS,"Southern Han Chinese, China"
193,120710.07105332031,12101.61653830995,-5246.510726437989,HG00451,EAS,CHS,"Southern Han Chinese, China"
194,85607.40288061117,7004.318434040601,-8223.153215480004,HG00458,EAS,CHS,"Southern Han Chinese, China"
195,103904.55363814217,14233.6346656177,-1270.1746508405986,HG00473,EAS,CHS,"Southern Han Chinese, China"
196,106651.89210757057,13337.892890329804,6576.651378213456,HG00475,EAS,CHS,"Southern Han Chinese, China"
197,119371.6239145138,13557.012077515446,5640.119281454574,HG00500,EAS,CHS,"Southern Han Chinese, China"
198,114606.27981973237,12994.129060118674,351.2681960817894,HG00513,EAS,CHS,"Southern Han Chinese, China"
199,117432.08311360372,9746.688440686798,1965.1456119519285,HG00524,EAS,CHS,"Southern Han Chinese, China"
200,111398.69889567363,16501.159751917632,5422.645357158345,HG00525,EAS,CHS,"Southern Han Chinese, China"
201,126411.15973428263,15121.815879884278,900.7747681325211,HG00533,EAS,CHS,"Southern Han Chinese, China"
202,110835.5316924806,10089.295516277165,80.51443103694622,HG00536,EAS,CHS,"Southern Han Chinese, China"
203,111664.08401147134,15257.521643322898,2509.6245393437516,HG00537,EAS,CHS,"Southern Han Chinese, China"
204,117526.62418857447,14012.210015359862,-5391.477317981012,HG00556,EAS,CHS,"Southern Han Chinese, China"
205,122721.15681982422,5202.194675841998,4420.56197107398,HG00560,EAS,CHS,"Southern Han Chinese, China"
206,114114.02798679135,4314.573686885517,-3365.747807131535,HG00580,EAS,CHS,"Southern Han Chinese, China"
207,119591.41581216593,13255.886544004645,-2694.1608148042387,HG00583,EAS,CHS,"Southern Han Chinese, China"
208,129223.30445495453,11798.675091190697,-1809.1284273937274,HG00589,EAS,CHS,"Southern Han Chinese, China"
209,107219.03866291165,19259.449878407824,653.0358296450495,HG00590,EAS,CHS,"Southern Han Chinese, China"
210,104119.06048863613,15575.01975566813,-2073.227322434456,HG00592,EAS,CHS,"Southern Han Chinese, China"
211,111768.08349867583,10972.716825076268,689.619395434821,HG00593,EAS,CHS,"Southern Han Chinese, China"
212,107610.97940401138,15557.957840644896,-13061.600831183032,HG00595,EAS,CHS,"Southern Han Chinese, China"
213,116118.82784158556,13353.04197182246,5579.229953067196,HG00608,EAS,CHS,"Southern Han Chinese, China"
214,115194.47032401855,6196.858544351678,6362.89687092182,HG00613,EAS,CHS,"Southern Han Chinese, China"
215,119567.33739954223,11780.457135920753,-386.58037027280704,HG00619,EAS,CHS,"Southern Han Chinese, China"
216,116965.05542151353,8624.9923649615,-8879.626692068287,HG00622,EAS,CHS,"Southern Han Chinese, China"
217,143030.9325410533,15076.612954034603,870.3144953323116,HG00625,EAS,CHS,"Southern Han Chinese, China"
218,104238.26033969085,6352.065974898877,-3065.2090735900097,HG00628,EAS,CHS,"Southern Han Chinese, China"
219,112473.49428241083,14509.254488127339,-10510.611036660148,HG00629,EAS,CHS,"Southern Han Chinese, China"
220,123570.41646410551,16507.030518837295,-81.56287768670707,HG00650,EAS,CHS,"Southern Han Chinese, China"
221,93416.6640963762,6878.719820434778,7171.510165767051,HG00657,EAS,CHS,"Southern Han Chinese, China"
222,114510.26123185437,24470.189721316605,-1824.9656646812034,HG00663,EAS,CHS,"Southern Han Chinese, China"
223,117386.2451625269,19395.720857431177,-281.8161845694178,HG00683,EAS,CHS,"Southern Han Chinese, China"
224,119117.98097362259,14807.406974532705,5656.00159916744,HG00689,EAS,CHS,"Southern Han Chinese, China"
225,131229.38054978478,12382.20510222895,11649.900310888304,HG00690,EAS,CHS,"Southern Han Chinese, China"
226,109680.80730124174,18696.583663048652,1766.054320560811,HG00698,EAS,CHS,"Southern Han Chinese, China"
227,126996.95709046557,20699.058931175077,-5940.913871898154,HG00701,EAS,CHS,"Southern Han Chinese, China"
228,102800.02871991375,6537.178377735293,3827.2171026288265,HG00844,EAS,CDX,"Chinese Dai in Xishuangbanna, China"
229,124980.47254102794,13664.912081468583,4265.6132431845745,HG00881,EAS,CDX,"Chinese Dai in Xishuangbanna, China"
230,110985.01098303904,6035.841878918517,9891.271998246524,HG01029,EAS,CDX,"Chinese Dai in Xishuangbanna, China"
231,-50675.326833031206,5362.6063776371075,879.6424934704014,HG01334,EUR,GBR,British in England and Scotland
232,-30336.2609822297,2817.454924116418,6675.181165163243,HG01500,EUR,IBS,Iberian populations in Spain
233,-52590.54750031453,380.8845463986647,3818.570762733469,HG01501,EUR,IBS,Iberian populations in Spain
234,-59692.34604479521,14434.594520148274,-7252.560530996088,HG01503,EUR,IBS,Iberian populations in Spain
235,-36961.54395895749,8921.33535602351,6310.580878157283,HG01504,EUR,IBS,Iberian populations in Spain
236,-55926.07934411857,14139.21444972056,-6365.627355986939,HG01506,EUR,IBS,Iberian populations in Spain
237,-36445.118878105364,7674.057372987339,9042.548092557596,HG01507,EUR,IBS,Iberian populations in Spain
238,-57203.68561993065,7446.571107766876,-12272.822432530085,HG01509,EUR,IBS,Iberian populations in Spain
239,-65136.2761850802,7729.72299175199,9040.778015579423,HG01510,EUR,IBS,Iberian populations in Spain
240,-57901.45798752347,6924.228921208202,-3950.832560129226,HG01512,EUR,IBS,Iberian populations in Spain
241,-51778.23888343192,11442.061041966948,2895.7015371026528,HG01513,EUR,IBS,Iberian populations in Spain
242,-58796.429959245674,4723.301798478419,1234.2057149165253,HG01515,EUR,IBS,Iberian populations in Spain
243,-38433.652894673716,8287.020147307398,-16522.60364112768,HG01516,EUR,IBS,Iberian populations in Spain
244,-37747.172762842114,11451.026425411786,7729.314645728434,HG01518,EUR,IBS,Iberian populations in Spain
245,-64487.849011813196,-1894.397858062366,5682.536186455197,HG01519,EUR,IBS,Iberian populations in Spain
246,-49656.65271382104,9969.989671136958,13394.224016959079,HG01521,EUR,IBS,Iberian populations in Spain
247,-42883.60064750374,4900.267866443093,11480.411707827703,HG01522,EUR,IBS,Iberian populations in Spain
248,-56162.776264412685,11739.239121039831,-15601.007787763961,HG01524,EUR,IBS,Iberian populations in Spain
249,-61192.983578952444,5178.549782801737,8387.926546123916,HG01525,EUR,IBS,Iberian populations in Spain
250,-45416.021613499215,1176.9097330175937,18567.087549120926,HG01527,EUR,IBS,Iberian populations in Spain
251,-48986.53078577347,8053.546699239929,6818.6742920628,HG01528,EUR,IBS,Iberian populations in Spain
252,-40274.085300246,1128.2239291613816,11986.447974269397,HG01530,EUR,IBS,Iberian populations in Spain
253,-70192.17968865561,8041.059056388161,-13285.77602303415,HG01531,EUR,IBS,Iberian populations in Spain
254,-50197.83939833091,12973.059518319495,-8171.8577407293515,HG01536,EUR,IBS,Iberian populations in Spain
255,-41707.874844642865,13576.974553718248,7589.385096230191,HG01537,EUR,IBS,Iberian populations in Spain
256,-79.66094706164216,-22124.995758333163,-14535.208821361262,HG01583,SAS,PJL,"Punjabi in Lahore,Pakistan"
257,3598.2542901269367,-28203.704758881624,4429.384477504282,HG01586,SAS,PJL,"Punjabi in Lahore,Pakistan"
258,93800.10110704084,8056.8379658174845,4002.5173494638498,HG01596,EAS,KHV,"Kinh in Ho Chi Minh City, Vietnam"
259,121516.03270005519,11084.076548120733,-2314.2534066613093,HG01600,EAS,KHV,"Kinh in Ho Chi Minh City, Vietnam"
260,-41831.82605677276,-304.63421134496565,5602.715534456008,HG01602,EUR,IBS,Iberian populations in Spain
261,-42626.02887509571,-640.0241711433811,7902.037501392589,HG01603,EUR,IBS,Iberian populations in Spain
262,-53306.93037808385,10929.06610987452,5911.361940648679,HG01605,EUR,IBS,Iberian populations in Spain
263,-59793.10758865679,13031.350556957084,-6662.378669031548,HG01606,EUR,IBS,Iberian populations in Spain
264,-36912.850927095606,4986.367021645408,-1987.607832092059,HG01607,EUR,IBS,Iberian populations in Spain
265,-37535.35400060845,-5949.569711585046,3980.1352231485253,HG01608,EUR,IBS,Iberian populations in Spain
266,-43071.44456340507,886.1358065807964,-11287.739994468782,HG01610,EUR,IBS,Iberian populations in Spain
267,-43300.88596982945,8138.5949880754015,-15073.240491501927,HG01612,EUR,IBS,Iberian populations in Spain
268,-50320.652913636026,-2422.1721734213447,2841.3715438331815,HG01613,EUR,IBS,Iberian populations in Spain
269,-37786.89820506507,11195.235552276328,-20219.777303897306,HG01615,EUR,IBS,Iberian populations in Spain
270,-36657.11003707305,8420.726236006945,11196.180642694317,HG01617,EUR,IBS,Iberian populations in Spain
271,-14724.476671852504,15756.275448056904,-764.2152652304931,HG01618,EUR,IBS,Iberian populations in Spain
272,-43410.49259808854,7321.196230622607,12115.228700342075,HG01619,EUR,IBS,Iberian populations in Spain
273,-66263.07656221696,10451.90986399914,17580.246962777175,HG01620,EUR,IBS,Iberian populations in Spain
274,-37307.493038568704,4847.135016510383,16506.82712596052,HG01623,EUR,IBS,Iberian populations in Spain
275,-45096.601335646934,8144.46191975967,-15030.84476757077,HG01624,EUR,IBS,Iberian populations in Spain
276,-61861.353477128374,6724.985412778569,10578.194523281765,HG01625,EUR,IBS,Iberian populations in Spain
277,-60058.48209235166,-3728.3939498022187,13042.753676945815,HG01626,EUR,IBS,Iberian populations in Spain
278,-34243.16270010386,6743.720631752687,-4009.133751524547,HG01628,EUR,IBS,Iberian populations in Spain
279,-48614.353938430315,-5356.153589812438,14704.271655819179,HG01630,EUR,IBS,Iberian populations in Spain
280,-50411.377334303404,5209.870366034212,-6273.261157470768,HG01631,EUR,IBS,Iberian populations in Spain
281,-37489.43468819483,12907.933291381754,16360.77036545333,HG01632,EUR,IBS,Iberian populations in Spain
282,-52480.02124179877,10288.540732130146,5249.970667420682,HG01668,EUR,IBS,Iberian populations in Spain
283,-37263.54588101898,5114.943306132438,-7414.880144086392,HG01669,EUR,IBS,Iberian populations in Spain
284,-41752.40412377289,13324.28049276739,5120.081308639719,HG01670,EUR,IBS,Iberian populations in Spain
285,-57124.89328942636,880.4363351562748,16794.13504975801,HG01672,EUR,IBS,Iberian populations in Spain
286,-56182.77832859004,9897.342384489746,5409.008996985195,HG01673,EUR,IBS,Iberian populations in Spain
287,-29728.729593799522,3176.894469608506,4004.9171415893775,HG01675,EUR,IBS,Iberian populations in Spain
288,-57106.816553638506,7439.191025203231,14222.492182490942,HG01676,EUR,IBS,Iberian populations in Spain
289,-28802.59700433196,-4096.4881501454565,-1010.1240285924376,HG01678,EUR,IBS,Iberian populations in Spain
290,-50442.922770212754,13605.269820510941,-9070.648226621724,HG01679,EUR,IBS,Iberian populations in Spain
291,-35618.10281453679,-1189.8855440166465,17755.022579921453,HG01680,EUR,IBS,Iberian populations in Spain
292,-54671.34273002983,4066.050435479512,10643.178760003711,HG01682,EUR,IBS,Iberian populations in Spain
293,-42747.98618721845,2298.4586015165814,8287.407513900607,HG01684,EUR,IBS,Iberian populations in Spain
294,-49426.31557487074,16781.38873866853,923.6820649382444,HG01685,EUR,IBS,Iberian populations in Spain
295,-41161.72762107013,3817.075580319775,16086.60487116661,HG01686,EUR,IBS,Iberian populations in Spain
296,-54226.6566740383,1273.2469057361195,20413.235175459093,HG01694,EUR,IBS,Iberian populations in Spain
297,-41793.47884107277,4958.658247459909,12422.2477233473,HG01695,EUR,IBS,Iberian populations in Spain
298,-67271.67596261378,5163.22900222878,24355.101237206083,HG01697,EUR,IBS,Iberian populations in Spain
299,-51370.948382416864,1175.1800536454712,3769.5431310573085,HG01699,EUR,IBS,Iberian populations in Spain
300,-47551.45354088997,11040.698173079265,5657.288766406128,HG01700,EUR,IBS,Iberian populations in Spain
301,-52143.8112207266,5634.551216543375,-205.014904028554,HG01702,EUR,IBS,Iberian populations in Spain
302,-58830.328223299955,608.8036747374977,928.2132698928284,HG01704,EUR,IBS,Iberian populations in Spain
303,-39224.633985249486,8540.500843923204,2023.7251929181723,HG01705,EUR,IBS,Iberian populations in Spain
304,-42050.404181216465,4470.976908403438,18312.54592327777,HG01707,EUR,IBS,Iberian populations in Spain
305,-52230.09018704812,7804.18787729202,4010.661904788891,HG01708,EUR,IBS,Iberian populations in Spain
306,-40629.90934379726,15477.164132417458,5013.8675476405815,HG01709,EUR,IBS,Iberian populations in Spain
307,-65206.75453674657,11651.599060127057,-7116.914641208943,HG01710,EUR,IBS,Iberian populations in Spain
308,-70969.01422017073,13195.260365139166,-5088.543233605042,HG01746,EUR,IBS,Iberian populations in Spain
309,-45256.916933348715,777.7630829765936,-3460.7782948121353,HG01747,EUR,IBS,Iberian populations in Spain
310,-41194.13485460226,3855.1992507059467,-16197.223787622344,HG01756,EUR,IBS,Iberian populations in Spain
311,-41039.32795461885,11798.582370245063,4996.992322517825,HG01757,EUR,IBS,Iberian populations in Spain
312,-45140.215954287974,8868.73541358597,8787.87007343045,HG01761,EUR,IBS,Iberian populations in Spain
313,-39280.31231896631,5799.0424914718205,-10916.58655955376,HG01762,EUR,IBS,Iberian populations in Spain
314,-50491.19411990709,10013.42373886274,-4081.816731301578,HG01765,EUR,IBS,Iberian populations in Spain
315,-55583.60470515991,1819.7846659550353,19620.49217282492,HG01766,EUR,IBS,Iberian populations in Spain
316,-39574.608183202596,11553.86799690864,4887.008895897238,HG01767,EUR,IBS,Iberian populations in Spain
317,-52159.79036421564,4833.992240731486,-8014.851486253896,HG01768,EUR,IBS,Iberian populations in Spain
318,-45981.20650730469,-2534.836621772134,6159.733645914959,HG01770,EUR,IBS,Iberian populations in Spain
319,-72195.89655647926,1194.8254537230603,4922.583004175371,HG01771,EUR,IBS,Iberian populations in Spain
320,-66339.28335526313,7933.786074473239,5030.506384240546,HG01773,EUR,IBS,Iberian populations in Spain
321,-63264.86531035569,8018.561889645469,-9692.59062681243,HG01775,EUR,IBS,Iberian populations in Spain
322,-24220.883526142658,19720.50723157072,539.4209948814638,HG01776,EUR,IBS,Iberian populations in Spain
323,-62603.685016190044,-179.70936315982323,9651.928003049787,HG01777,EUR,IBS,Iberian populations in Spain
324,-77222.53803252155,10033.441808439109,-1875.2473075664534,HG01779,EUR,IBS,Iberian populations in Spain
325,-37673.39537831631,10058.551106320865,1107.98515122352,HG01781,EUR,IBS,Iberian populations in Spain
326,-44069.97004299805,1584.7831342213535,4741.33988360675,HG01783,EUR,IBS,Iberian populations in Spain
327,-44846.181209958675,10949.209043287268,6729.728005515887,HG01784,EUR,IBS,Iberian populations in Spain
328,-59105.0604023774,225.60806392646086,-7370.7602114791425,HG01785,EUR,IBS,Iberian populations in Spain
329,-41205.64111471882,10090.738925027526,647.5374388186601,HG01786,EUR,IBS,Iberian populations in Spain
330,-53433.44195248382,12565.000050847777,-4512.4159821584135,HG01789,EUR,GBR,British in England and Scotland
331,-48323.298625125964,2713.268473518486,-13064.991297419534,HG01790,EUR,GBR,British in England and Scotland
332,-68444.18408616992,6621.612854213553,-13148.907472195127,HG01791,EUR,GBR,British in England and Scotland
333,131848.1470587601,13569.814893148672,-2310.5588970397607,HG01795,EAS,CDX,"Chinese Dai in Xishuangbanna, China"
334,114511.02082324782,11706.76448148986,-1405.1873211576954,HG01797,EAS,CDX,"Chinese Dai in Xishuangbanna, China"
335,113445.04985154772,2508.9289330231263,-1702.0765876131943,HG01805,EAS,CDX,"Chinese Dai in Xishuangbanna, China"
336,115572.39896350984,15712.430191251853,-8582.888222202764,HG01806,EAS,CDX,"Chinese Dai in Xishuangbanna, China"
337,106872.7389360032,24883.136186654552,-8284.301417102859,HG01812,EAS,CDX,"Chinese Dai in Xishuangbanna, China"
338,106803.74535089015,2638.2064031939076,3916.1115624831987,HG01816,EAS,CDX,"Chinese Dai in Xishuangbanna, China"
339,115799.26476658942,9878.676991588783,746.933225943533,HG01843,EAS,KHV,"Kinh in Ho Chi Minh City, Vietnam"
340,108296.2674694314,8927.208840503012,5339.180169920636,HG01847,EAS,KHV,"Kinh in Ho Chi Minh City, Vietnam"
341,99948.91892699157,10814.347750017447,6283.245811025845,HG01850,EAS,KHV,"Kinh in Ho Chi Minh City, Vietnam"
342,97355.6591907377,15833.515437271053,694.1603708526007,HG01852,EAS,KHV,"Kinh in Ho Chi Minh City, Vietnam"
343,128558.6751481695,3963.1455501406263,-7821.659457689757,HG01853,EAS,KHV,"Kinh in Ho Chi Minh City, Vietnam"
344,114323.39089041857,9753.691812450157,-1746.6375194701502,HG01858,EAS,KHV,"Kinh in Ho Chi Minh City, Vietnam"
345,96943.6060192664,5148.017840342083,16804.434263046085,HG01862,EAS,KHV,"Kinh in Ho Chi Minh City, Vietnam"
346,116901.33729749393,5984.28074038087,-2551.2821875628742,HG01863,EAS,KHV,"Kinh in Ho Chi Minh City, Vietnam"
347,116249.56814772003,15413.508521670747,-632.1145235393659,HG01864,EAS,KHV,"Kinh in Ho Chi Minh City, Vietnam"
348,98896.935703405,12241.586610422464,-11859.251439861502,HG01866,EAS,KHV,"Kinh in Ho Chi Minh City, Vietnam"
349,115868.45119815081,16494.862423683484,-3401.0067019002217,HG01868,EAS,KHV,"Kinh in Ho Chi Minh City, Vietnam"
350,104737.98587243354,8896.87215368997,-137.97990603729218,HG01871,EAS,KHV,"Kinh in Ho Chi Minh City, Vietnam"
351,111234.33470616602,12624.033804581166,6809.703448613199,HG01872,EAS,KHV,"Kinh in Ho Chi Minh City, Vietnam"
352,108862.70051290651,9244.114899663513,9189.853260481066,HG01873,EAS,KHV,"Kinh in Ho Chi Minh City, Vietnam"
353,113222.57592502564,10278.207913257373,-4177.815041675581,HG02016,EAS,KHV,"Kinh in Ho Chi Minh City, Vietnam"
354,98148.0943569061,5248.679345627477,12573.241456006635,HG02019,EAS,KHV,"Kinh in Ho Chi Minh City, Vietnam"
355,123986.79571422977,14679.92740555167,-6611.186385258827,HG02025,EAS,KHV,"Kinh in Ho Chi Minh City, Vietnam"
356,99190.6833479175,10801.234342297616,-9738.369746971437,HG02049,EAS,KHV,"Kinh in Ho Chi Minh City, Vietnam"
357,108712.86511907369,21586.278770512603,4112.727029392779,HG02073,EAS,KHV,"Kinh in Ho Chi Minh City, Vietnam"
358,97245.19411417512,13442.938821434644,-7766.2055402145625,HG02076,EAS,KHV,"Kinh in Ho Chi Minh City, Vietnam"
359,93501.01014519572,13762.123589002302,-6158.378610297513,HG02082,EAS,KHV,"Kinh in Ho Chi Minh City, Vietnam"
360,120766.23333457172,4544.540307117918,-6424.502545258611,HG02084,EAS,KHV,"Kinh in Ho Chi Minh City, Vietnam"
361,114875.72391065424,8018.3023063562305,16472.35134942513,HG02086,EAS,KHV,"Kinh in Ho Chi Minh City, Vietnam"
362,124620.38914826757,11755.949874789536,845.1588843759032,HG02087,EAS,KHV,"Kinh in Ho Chi Minh City, Vietnam"
363,122332.33785410976,10858.055284370412,1245.3659667980307,HG02088,EAS,KHV,"Kinh in Ho Chi Minh City, Vietnam"
364,93384.43451812968,5862.558683398567,-5630.34778948543,HG02122,EAS,KHV,"Kinh in Ho Chi Minh City, Vietnam"
365,110347.83168015763,6864.815479987653,474.75671237097106,HG02134,EAS,KHV,"Kinh in Ho Chi Minh City, Vietnam"
366,95959.09579933125,3936.9210309296805,15904.098654582658,HG02139,EAS,KHV,"Kinh in Ho Chi Minh City, Vietnam"
367,108772.28134060852,7318.852417723028,615.1121263333024,HG02152,EAS,CDX,"Chinese Dai in Xishuangbanna, China"
368,108131.99417325032,9149.960735400737,7176.663565962476,HG02154,EAS,CDX,"Chinese Dai in Xishuangbanna, China"
369,113670.73181813178,1117.7329320057222,-2050.6985522982895,HG02155,EAS,CDX,"Chinese Dai in Xishuangbanna, China"
370,127746.64142851827,12238.4069988379,-5734.727599796012,HG02164,EAS,CDX,"Chinese Dai in Xishuangbanna, China"
371,98575.69258275129,8064.611732060538,-13705.003535226899,HG02182,EAS,CDX,"Chinese Dai in Xishuangbanna, China"
372,114568.24838502466,14054.688496930403,-600.992291956725,HG02186,EAS,CDX,"Chinese Dai in Xishuangbanna, China"
373,110762.5145604669,6735.2307008985845,583.5639908876229,HG02190,EAS,CDX,"Chinese Dai in Xishuangbanna, China"
374,-58175.027788622276,6155.907413333807,779.7895574341821,HG02215,EUR,GBR,British in England and Scotland
375,-52321.55257798814,10144.788386790382,4359.972363299556,HG02219,EUR,IBS,Iberian populations in Spain
376,-34468.25722046499,-2853.7944039968047,2064.10223588711,HG02220,EUR,IBS,Iberian populations in Spain
377,-64666.962048567315,9389.168132839926,8133.994273009761,HG02221,EUR,IBS,Iberian populations in Spain
378,-44097.6306694859,6366.698373219569,5746.703661621513,HG02223,EUR,IBS,Iberian populations in Spain
379,-63343.814064666665,998.0104145630801,6357.726983644968,HG02224,EUR,IBS,Iberian populations in Spain
380,-49735.47132603375,6716.941464166215,7027.757295425296,HG02230,EUR,IBS,Iberian populations in Spain
381,-56376.394637502846,7869.040914720675,10142.117560205837,HG02231,EUR,IBS,Iberian populations in Spain
382,-41058.295962872886,14055.550924956166,-5531.425142245404,HG02232,EUR,IBS,Iberian populations in Spain
383,-49080.45492695967,8143.71308050848,-1358.0352070462368,HG02233,EUR,IBS,Iberian populations in Spain
384,-68983.72257366256,6309.446221485197,416.89187372614794,HG02235,EUR,IBS,Iberian populations in Spain
385,-44802.10918446216,8683.971077407205,763.1498778158023,HG02236,EUR,IBS,Iberian populations in Spain
386,-48868.21009073952,3518.56948853373,8481.897726285284,HG02238,EUR,IBS,Iberian populations in Spain
387,-47515.815689712486,8466.827587279544,729.9254479522131,HG02239,EUR,IBS,Iberian populations in Spain
388,124332.06912235188,8491.773679628977,-3436.552015642687,HG02250,EAS,CDX,"Chinese Dai in Xishuangbanna, China"
389,106933.38750309168,4845.566995118041,1349.7185655465914,HG02356,EAS,CDX,"Chinese Dai in Xishuangbanna, China"
390,124591.3095273187,5567.595717606183,722.3350137870078,HG02367,EAS,CDX,"Chinese Dai in Xishuangbanna, China"
391,129205.08392236337,15872.8307341943,4663.539196996408,HG02373,EAS,CDX,"Chinese Dai in Xishuangbanna, China"
392,117339.83132706447,19190.434870346893,-210.55388765461106,HG02375,EAS,CDX,"Chinese Dai in Xishuangbanna, China"
393,136487.35105630284,8928.760346203588,-9818.456433147063,HG02380,EAS,CDX,"Chinese Dai in Xishuangbanna, China"
394,116796.41808977484,18735.36582932189,-266.3176162360974,HG02382,EAS,CDX,"Chinese Dai in Xishuangbanna, China"
395,128840.53718005672,12242.728484883577,4585.2635823079045,HG02386,EAS,CDX,"Chinese Dai in Xishuangbanna, China"
396,114386.49789074909,12588.492059864675,7974.728256689044,HG02389,EAS,CDX,"Chinese Dai in Xishuangbanna, China"
397,125088.7459985009,23119.7089449524,-8941.31863341603,HG02391,EAS,CDX,"Chinese Dai in Xishuangbanna, China"
398,112996.87827854788,13766.731348590158,-1850.8839029531443,HG02395,EAS,CDX,"Chinese Dai in Xishuangbanna, China"
399,107910.19391522635,16998.443505450537,131.3715112221478,HG02396,EAS,CDX,"Chinese Dai in Xishuangbanna, China"
400,99252.89132207219,13974.513780649286,11341.536952027265,HG02401,EAS,CDX,"Chinese Dai in Xishuangbanna, China"
401,110885.85378928395,13377.453004747485,-6770.189842561416,HG02512,EAS,KHV,"Kinh in Ho Chi Minh City, Vietnam"
402,121535.45562774228,10569.006327991394,10857.392378726978,HG02521,EAS,KHV,"Kinh in Ho Chi Minh City, Vietnam"
403,83868.9626164421,-3050.86280289313,4329.254955940103,HG02522,EAS,KHV,"Kinh in Ho Chi Minh City, Vietnam"
404,-10987.412819887448,-26860.2409660395,-7635.170181712524,HG02603,SAS,PJL,"Punjabi in Lahore,Pakistan"
405,-21296.13745606063,-24254.68200997394,-4400.984337865434,HG02649,SAS,PJL,"Punjabi in Lahore,Pakistan"
406,10628.856581886834,4386.159938421454,6209.202866922449,HG02655,SAS,PJL,"Punjabi in Lahore,Pakistan"
407,-7219.9370106784445,-20255.667374368102,2897.49132616815,HG02660,SAS,PJL,"Punjabi in Lahore,Pakistan"
408,-15540.99778672207,-9774.286594040703,-21619.028402996624,HG02661,SAS,PJL,"Punjabi in Lahore,Pakistan"
409,2536.4207993284576,-24971.779753034683,-3835.0860066426335,HG02681,SAS,PJL,"Punjabi in Lahore,Pakistan"
410,14802.004706556,-35854.400116590994,-4927.8678713976415,HG02685,SAS,PJL,"Punjabi in Lahore,Pakistan"
411,5564.047792470837,-33180.48231014331,1425.9330992672108,HG02688,SAS,PJL,"Punjabi in Lahore,Pakistan"
412,-2346.3703281102194,-21303.838873783345,1527.5197765821367,HG02691,SAS,PJL,"Punjabi in Lahore,Pakistan"
413,-11178.495944196788,-22756.533471299153,-10260.74605541037,HG02694,SAS,PJL,"Punjabi in Lahore,Pakistan"
414,2701.3646652940583,-31217.262131788844,18847.793040646015,HG02696,SAS,PJL,"Punjabi in Lahore,Pakistan"
415,-7581.844161196714,-15776.969371722187,4375.769825292254,HG02697,SAS,PJL,"Punjabi in Lahore,Pakistan"
416,36584.063926536866,-40295.80211397088,1418.3679433006125,HG02727,SAS,PJL,"Punjabi in Lahore,Pakistan"
417,6567.499562901725,-42763.27989015294,-7848.6664315938,HG02728,SAS,PJL,"Punjabi in Lahore,Pakistan"
418,15617.757670672001,-20405.722176559357,-10154.813020054544,HG02731,SAS,PJL,"Punjabi in Lahore,Pakistan"
419,-7122.561607248012,-24887.432315176873,19196.56111609265,HG02736,SAS,PJL,"Punjabi in Lahore,Pakistan"
420,4771.499566768212,-36618.84279139512,-4720.538601702898,HG02774,SAS,PJL,"Punjabi in Lahore,Pakistan"
421,7475.0750757168735,-33583.56078748912,-7727.162670243109,HG02775,SAS,PJL,"Punjabi in Lahore,Pakistan"
422,3421.215910859897,-27928.079651791555,-8636.171249396839,HG02787,SAS,PJL,"Punjabi in Lahore,Pakistan"
423,27232.184678758196,-29414.126800963717,-3315.192259847743,HG03006,SAS,BEB,Bengali in Bangladesh
424,29032.66358033431,-31151.33102409548,-5387.91335072537,HG03007,SAS,BEB,Bengali in Bangladesh
425,15636.333828649176,-32318.184785315694,1529.4892611074447,HG03015,SAS,PJL,"Punjabi in Lahore,Pakistan"
426,2486.7581303252723,-26319.622815516705,9929.92862110164,HG03022,SAS,PJL,"Punjabi in Lahore,Pakistan"
427,18072.97488362274,-21271.244903387083,-6751.392296023344,HG03229,SAS,PJL,"Punjabi in Lahore,Pakistan"
428,12455.72067410032,-25310.486608600266,-4982.053371530957,HG03234,SAS,PJL,"Punjabi in Lahore,Pakistan"
429,-3780.1439481546554,-21394.22898100691,-3214.0204381820254,HG03490,SAS,PJL,"Punjabi in Lahore,Pakistan"
430,26589.639333002324,-5891.5842695477495,-11127.844084381011,HG03585,SAS,BEB,Bengali in Bangladesh
431,34744.15061292238,-28302.572763732136,-12760.402522595103,HG03594,SAS,BEB,Bengali in Bangladesh
432,9675.192323477473,-44960.04803360254,-334.4742610823476,HG03600,SAS,BEB,Bengali in Bangladesh
433,28024.44587956431,-32848.43231725936,7346.091965980959,HG03616,SAS,BEB,Bengali in Bangladesh
434,-3865.087360791063,-22286.858030723644,-5753.084184539788,HG03619,SAS,PJL,"Punjabi in Lahore,Pakistan"
435,-3846.7115515846795,-16482.881348093124,-7291.237432805407,HG03629,SAS,PJL,"Punjabi in Lahore,Pakistan"
436,12880.086375799498,-19696.714717529576,3213.355358882602,HG03631,SAS,PJL,"Punjabi in Lahore,Pakistan"
437,-2114.2412964763926,-21275.441652474507,-1942.711405870844,HG03636,SAS,PJL,"Punjabi in Lahore,Pakistan"
438,24238.46128765494,-38309.62301882157,-4754.805030623232,HG03640,SAS,PJL,"Punjabi in Lahore,Pakistan"
439,12093.60341818498,-17805.900996829347,-14062.293628522742,HG03652,SAS,PJL,"Punjabi in Lahore,Pakistan"
440,8256.998473641479,-24258.74418363227,15687.107343888068,HG03663,SAS,PJL,"Punjabi in Lahore,Pakistan"
441,5300.422464653327,-36530.77209053023,9142.084569400045,HG03672,SAS,STU,Sri Lankan Tamil in the UK
442,9459.584093411904,-42247.5534520579,6951.918432979512,HG03673,SAS,STU,Sri Lankan Tamil in the UK
443,4971.477890916434,-35906.35610525921,-12732.725555924888,HG03681,SAS,STU,Sri Lankan Tamil in the UK
444,12624.917815599989,-26401.49633558992,-13191.26388092899,HG03684,SAS,STU,Sri Lankan Tamil in the UK
445,18051.743404855446,-23293.817481294667,10729.165356635796,HG03686,SAS,STU,Sri Lankan Tamil in the UK
446,12949.333330243917,-32247.474259725448,-7966.98819892784,HG03689,SAS,STU,Sri Lankan Tamil in the UK
447,19058.373839874326,-27130.4247475547,-6994.665739136191,HG03693,SAS,STU,Sri Lankan Tamil in the UK
448,6728.469528024434,-29191.225669538653,-3327.2623769601714,HG03695,SAS,STU,Sri Lankan Tamil in the UK
449,22337.20910811891,-37623.752059535895,-1815.917301082275,HG03698,SAS,STU,Sri Lankan Tamil in the UK
450,-403.2282487092205,-24545.463056264023,-8681.534229582476,HG03708,SAS,PJL,"Punjabi in Lahore,Pakistan"
451,25456.730348817648,-25605.586613486324,14221.952699396343,HG03711,SAS,STU,Sri Lankan Tamil in the UK
452,37415.664073247535,-31218.82174522317,10559.52732089381,HG03718,SAS,ITU,Indian Telugu in the UK
453,21476.65604689769,-31734.653708041453,5223.041019879547,HG03722,SAS,ITU,Indian Telugu in the UK
454,48395.01383624376,-38200.30525494847,3285.861904230048,HG03729,SAS,ITU,Indian Telugu in the UK
455,30395.13221561933,-24629.138649902143,-5228.343943137489,HG03730,SAS,ITU,Indian Telugu in the UK
456,18098.25141372131,-38315.14594129736,-14711.748832352016,HG03733,SAS,STU,Sri Lankan Tamil in the UK
457,10958.012894040723,-41865.72993512541,6773.836947242658,HG03736,SAS,STU,Sri Lankan Tamil in the UK
458,25275.80515109083,-34922.67402795276,10303.556088499901,HG03740,SAS,STU,Sri Lankan Tamil in the UK
459,26549.39789276726,-30236.37125569621,1867.4431223912009,HG03741,SAS,STU,Sri Lankan Tamil in the UK
460,27974.720731367903,-35775.63388779844,11064.481688076854,HG03743,SAS,STU,Sri Lankan Tamil in the UK
461,16635.439580067894,-33903.913418846176,-1783.0462414274616,HG03744,SAS,STU,Sri Lankan Tamil in the UK
462,15760.763179051233,-28032.44025373532,-11339.228193689458,HG03756,SAS,STU,Sri Lankan Tamil in the UK
463,24133.896168484775,-41665.14665630795,-1081.2430863925917,HG03757,SAS,STU,Sri Lankan Tamil in the UK
464,16270.299998858838,-36852.80452321898,-4286.308831750629,HG03762,SAS,PJL,"Punjabi in Lahore,Pakistan"
465,-30340.31565585673,-15128.158336557557,-13776.555452608243,HG03767,SAS,PJL,"Punjabi in Lahore,Pakistan"
466,-2854.7600294385697,-33205.88822103665,-8674.925664378481,HG03771,SAS,ITU,Indian Telugu in the UK
467,15099.00707177508,-33207.398399151454,-2981.2119311072593,HG03775,SAS,ITU,Indian Telugu in the UK
468,14019.398938551856,-38501.765114194466,-2514.1967762202266,HG03777,SAS,ITU,Indian Telugu in the UK
469,-8013.779001588781,-25076.853222504502,-8355.460027893287,HG03780,SAS,ITU,Indian Telugu in the UK
470,12594.727798982105,-29703.610746452774,-14523.079250122433,HG03782,SAS,ITU,Indian Telugu in the UK
471,7630.039855792378,-29691.72165212591,637.9046762165783,HG03784,SAS,ITU,Indian Telugu in the UK
472,4130.1248454291745,-26212.477412037453,6663.585583998953,HG03790,SAS,ITU,Indian Telugu in the UK
473,35755.82679856807,-35538.91974216836,2490.855010279913,HG03805,SAS,BEB,Bengali in Bangladesh
474,38705.17589893805,-27649.595054080695,9236.380188321904,HG03808,SAS,BEB,Bengali in Bangladesh
475,25664.193205322874,-33866.68745825464,13189.847417725477,HG03814,SAS,BEB,Bengali in Bangladesh
476,36793.106578686566,-22436.589740289794,875.0865565415442,HG03817,SAS,BEB,Bengali in Bangladesh
477,14444.483376930662,-18244.269243916457,3033.2135799998373,HG03821,SAS,BEB,Bengali in Bangladesh
478,22940.415944877346,-43037.84380964404,-4168.151240701918,HG03829,SAS,BEB,Bengali in Bangladesh
479,18387.475063281407,-28977.510684178025,368.24115355415637,HG03830,SAS,BEB,Bengali in Bangladesh
480,11340.199420026061,-38622.32439458715,4814.000851366487,HG03846,SAS,STU,Sri Lankan Tamil in the UK
481,25281.33885528918,-34866.28595711644,5735.740258942374,HG03849,SAS,STU,Sri Lankan Tamil in the UK
482,18378.72257654547,-33371.08210214237,7774.995614854494,HG03850,SAS,STU,Sri Lankan Tamil in the UK
483,16864.67100001966,-32668.153027476274,-3345.5242232961164,HG03857,SAS,STU,Sri Lankan Tamil in the UK
484,13535.813978993143,-37345.75232736263,1555.5997753630681,HG03861,SAS,ITU,Indian Telugu in the UK
485,4070.5438121809334,-27911.15630703569,-381.03294727046256,HG03862,SAS,ITU,Indian Telugu in the UK
486,585.3697368718089,-31149.842167253584,-10008.817173909534,HG03866,SAS,ITU,Indian Telugu in the UK
487,12805.142105000816,-22876.975897492863,13414.94517112606,HG03868,SAS,ITU,Indian Telugu in the UK
488,14952.388284723575,-38234.341547430435,698.6991024132475,HG03871,SAS,ITU,Indian Telugu in the UK
489,12747.357823299368,-35430.440673964484,-1031.3209527846693,HG03872,SAS,ITU,Indian Telugu in the UK
490,16132.922693869767,-35464.21941760728,-12790.769354337455,HG03874,SAS,ITU,Indian Telugu in the UK
491,19223.59187690248,-34599.77734777526,-5670.972555047198,HG03884,SAS,STU,Sri Lankan Tamil in the UK
492,7983.205633705417,-32208.8204119722,-596.0290017434814,HG03888,SAS,STU,Sri Lankan Tamil in the UK
493,5516.967549402678,-36992.167297847074,-2714.1625069310535,HG03890,SAS,STU,Sri Lankan Tamil in the UK
494,26891.38560285677,-35704.77764343133,-5717.488045115801,HG03898,SAS,STU,Sri Lankan Tamil in the UK
495,13651.852920478768,-32202.93588724888,-16855.721627325904,HG03899,SAS,STU,Sri Lankan Tamil in the UK
496,2362.741690127469,-21934.277588612706,-11811.11414272988,HG03900,SAS,STU,Sri Lankan Tamil in the UK
497,16324.268431988088,-28441.60348582402,3405.112140718496,HG03905,SAS,BEB,Bengali in Bangladesh
498,25461.149944772482,-35385.57508247815,-1199.5578122557147,HG03908,SAS,BEB,Bengali in Bangladesh
499,24861.940459838566,-31900.077040805532,-23.47267329185374,HG03913,SAS,BEB,Bengali in Bangladesh
500,6628.756939503633,-13382.723601693428,-744.4853386404822,HG03917,SAS,BEB,Bengali in Bangladesh
501,17091.71494799845,-36184.18941657372,12161.203886522528,HG03925,SAS,BEB,Bengali in Bangladesh
502,28361.464313680863,-21349.892090991918,-667.1194178710851,HG03928,SAS,BEB,Bengali in Bangladesh
503,18267.216697250118,-37753.526050875276,-5615.846270143002,HG03934,SAS,BEB,Bengali in Bangladesh
504,29116.35816016537,-32018.54684311819,10371.69981196585,HG03943,SAS,STU,Sri Lankan Tamil in the UK
505,907.5289689437379,-19604.76050308991,-14298.610910371806,HG03945,SAS,STU,Sri Lankan Tamil in the UK
506,27756.833534497433,-30873.73059860799,11429.259707619294,HG03949,SAS,STU,Sri Lankan Tamil in the UK
507,-5584.009034729991,-37595.13707435789,-13071.774846775506,HG03953,SAS,STU,Sri Lankan Tamil in the UK
508,20434.49308850208,-35530.585788819015,1856.2801065832691,HG03955,SAS,STU,Sri Lankan Tamil in the UK
509,17917.340432783312,-29059.151982467094,-8381.577558003824,HG03965,SAS,ITU,Indian Telugu in the UK
510,20732.435981745664,-34612.5156750242,15506.331969191438,HG03969,SAS,ITU,Indian Telugu in the UK
511,-8595.389263539264,-36899.25726347316,-3794.722101832445,HG03973,SAS,ITU,Indian Telugu in the UK
512,25110.47919503999,-39856.56838968717,635.4990973104584,HG03974,SAS,ITU,Indian Telugu in the UK
513,9990.462176479414,-33556.39636762309,5633.7743488467295,HG03977,SAS,ITU,Indian Telugu in the UK
514,13312.596848417283,-43812.734648698635,4974.228151540571,HG03978,SAS,ITU,Indian Telugu in the UK
515,4897.840248843577,-36580.49331848863,-4953.494199223754,HG03985,SAS,STU,Sri Lankan Tamil in the UK
516,-2834.900129980746,-34974.968374975295,11392.036063120619,HG03986,SAS,STU,Sri Lankan Tamil in the UK
517,40911.98953139841,-31275.443834212034,5703.726831992461,HG03990,SAS,STU,Sri Lankan Tamil in the UK
518,22060.376088904814,-33824.40654779987,-1549.4998505401165,HG03991,SAS,STU,Sri Lankan Tamil in the UK
519,32433.359839590517,-24723.258119602702,-3260.0912727773066,HG03999,SAS,STU,Sri Lankan Tamil in the UK
520,12782.745365020322,-33877.74024248629,7816.119679046812,HG04002,SAS,ITU,Indian Telugu in the UK
521,12869.840310445512,-17841.54766954401,-2220.4121795433143,HG04014,SAS,ITU,Indian Telugu in the UK
522,23428.9524458678,-24040.772458456384,1943.53110391342,HG04018,SAS,ITU,Indian Telugu in the UK
523,18276.64991971021,-31644.81186807306,1295.2648877025154,HG04020,SAS,ITU,Indian Telugu in the UK
524,5295.7816493428245,-35511.350964165424,21614.03558561761,HG04047,SAS,STU,Sri Lankan Tamil in the UK
525,28366.4816999729,-28095.93779773368,-2586.5777703485733,HG04061,SAS,ITU,Indian Telugu in the UK
526,22193.52594672592,-32314.63888650555,15777.535108535936,HG04070,SAS,ITU,Indian Telugu in the UK
527,28964.490715199794,-29036.342787076785,14147.103152757467,HG04075,SAS,STU,Sri Lankan Tamil in the UK
528,-483.6478905090876,-35147.18239518784,-1116.5538619108859,HG04076,SAS,ITU,Indian Telugu in the UK
529,6404.498711281331,-30515.226436313835,-9612.936955435636,HG04090,SAS,ITU,Indian Telugu in the UK
530,20997.0845312535,-28056.004957363963,14626.342645906181,HG04094,SAS,ITU,Indian Telugu in the UK
531,17014.007166177467,-42102.4013145327,2799.5051207183215,HG04118,SAS,ITU,Indian Telugu in the UK
532,32611.626344318756,-34583.84350502943,3351.181521238295,HG04140,SAS,BEB,Bengali in Bangladesh
533,5869.830101478151,-21598.18350939581,-7300.922088546653,HG04144,SAS,BEB,Bengali in Bangladesh
534,52304.079442537826,-12233.995223579721,5042.4586007045245,HG04158,SAS,BEB,Bengali in Bangladesh
535,28077.162474757017,-17533.894118101533,-1374.6650323845306,HG04161,SAS,BEB,Bengali in Bangladesh
536,41628.99283029772,-26496.994520988388,-20955.6267888184,HG04162,SAS,BEB,Bengali in Bangladesh
537,28576.414636929632,-27803.82395721677,-14210.69811233523,HG04171,SAS,BEB,Bengali in Bangladesh
538,28286.4888408822,-18518.402403620297,2060.399728607708,HG04177,SAS,BEB,Bengali in Bangladesh
539,15321.663642153691,-33583.533665195144,4211.335783090695,HG04180,SAS,BEB,Bengali in Bangladesh
540,10820.454686060844,-32881.805225191776,-4712.484678850554,HG04182,SAS,BEB,Bengali in Bangladesh
541,16950.364023918697,-29117.67761140259,-2081.218842793858,HG04183,SAS,BEB,Bengali in Bangladesh
542,1812.6790214976252,-31122.248502199902,-1068.1535565986653,HG04186,SAS,BEB,Bengali in Bangladesh
543,10675.883346430257,-25966.403816807728,-285.87174738073867,HG04188,SAS,BEB,Bengali in Bangladesh
544,32509.712183425,-27214.277450151792,-5268.37874622146,HG04189,SAS,BEB,Bengali in Bangladesh
545,17082.20571286886,-26627.611578480442,-944.0394074071651,HG04194,SAS,BEB,Bengali in Bangladesh
546,1390.623681498209,-27520.938194021255,7531.585486163287,HG04206,SAS,ITU,Indian Telugu in the UK
547,15943.851843078852,-28404.906804427406,-4394.504473341791,HG04212,SAS,ITU,Indian Telugu in the UK
548,13492.52516683906,-26158.16510103272,5871.452843999733,HG04214,SAS,ITU,Indian Telugu in the UK
549,24655.799248753694,-27468.868897236083,-8017.025491855165,HG04216,SAS,ITU,Indian Telugu in the UK
550,6759.307643779918,-30577.461705219226,-13882.028902064772,HG04227,SAS,STU,Sri Lankan Tamil in the UK
551,15210.417807522976,-28969.157065961786,-6840.399281222497,HG04238,SAS,ITU,Indian Telugu in the UK
552,9404.926227932829,-33928.768133048725,-15965.219098784313,HG04239,SAS,ITU,Indian Telugu in the UK
553,-59229.61638799038,11624.490277628138,4450.699418455352,NA06984,EUR,CEU,Utah residents with Northern and Western European ancestry
554,-39194.89787937657,6871.9702472132785,-5869.4736773692275,NA06985,EUR,CEU,Utah residents with Northern and Western European ancestry
555,-51556.99346750848,10455.838762554928,-10260.670179198863,NA06986,EUR,CEU,Utah residents with Northern and Western European ancestry
556,-64117.55575054156,-3332.852943595463,-2330.8927504822527,NA06989,EUR,CEU,Utah residents with Northern and Western European ancestry
557,-80715.04574803807,9485.693106974106,-6654.413866920493,NA06994,EUR,CEU,Utah residents with Northern and Western European ancestry
558,-62519.34682241752,3169.805987558002,-9275.068098377953,NA07000,EUR,CEU,Utah residents with Northern and Western European ancestry
559,-51278.827911416294,11218.236723875505,1752.0838892129918,NA07037,EUR,CEU,Utah residents with Northern and Western European ancestry
560,-43379.93578061073,12791.065683039937,317.9582638153792,NA07048,EUR,CEU,Utah residents with Northern and Western European ancestry
561,-66535.52355624121,17208.29277041681,-3892.4206943502577,NA07051,EUR,CEU,Utah residents with Northern and Western European ancestry
562,-33536.88084596721,15937.080976118452,-14205.30013254334,NA07056,EUR,CEU,Utah residents with Northern and Western European ancestry
563,-52621.464373243805,6162.342208613135,15530.69908753036,NA07347,EUR,CEU,Utah residents with Northern and Western European ancestry
564,-38379.073199577404,7171.389159026957,-21841.4029063315,NA07357,EUR,CEU,Utah residents with Northern and Western European ancestry
565,-45933.64555845116,9870.306453655616,15241.424850469912,NA10847,EUR,CEU,Utah residents with Northern and Western European ancestry
566,-53895.76631529655,6016.222738950045,826.1414559555357,NA10851,EUR,CEU,Utah residents with Northern and Western European ancestry
567,-52054.162039189694,17669.350808394505,8987.198877152898,NA11829,EUR,CEU,Utah residents with Northern and Western European ancestry
568,-44303.40464742106,-3224.2557735508067,10958.87892286328,NA11830,EUR,CEU,Utah residents with Northern and Western European ancestry
569,-51816.09710406479,11652.649403853844,3998.0597985237628,NA11831,EUR,CEU,Utah residents with Northern and Western European ancestry
570,-65537.48025250573,13801.405543432698,-11471.390693892765,NA11832,EUR,CEU,Utah residents with Northern and Western European ancestry
571,-57188.21638978301,3713.5940389451075,7052.870675503469,NA11840,EUR,CEU,Utah residents with Northern and Western European ancestry
572,-38048.877806904,-1359.1917772195284,-15665.314294915806,NA11843,EUR,CEU,Utah residents with Northern and Western European ancestry
573,-53913.13139039172,6990.833755611243,-13197.746856255495,NA11881,EUR,CEU,Utah residents with Northern and Western European ancestry
574,-49040.11092742595,9455.986050720612,-2214.1795762964816,NA11892,EUR,CEU,Utah residents with Northern and Western European ancestry
575,-46195.965519259844,17444.508336741277,19312.09198374219,NA11893,EUR,CEU,Utah residents with Northern and Western European ancestry
576,-66252.14568493281,7751.090116406435,-4884.486403904356,NA11894,EUR,CEU,Utah residents with Northern and Western European ancestry
577,-59163.27101114766,3461.4243761645234,-2839.6709170562017,NA11918,EUR,CEU,Utah residents with Northern and Western European ancestry
578,-45079.11677122158,8670.384168575752,13468.232356509148,NA11919,EUR,CEU,Utah residents with Northern and Western European ancestry
579,-46869.3382227414,6731.700080117354,-225.65841597062575,NA11920,EUR,CEU,Utah residents with Northern and Western European ancestry
580,-32681.922311018054,12386.304808605479,6238.164820505907,NA11930,EUR,CEU,Utah residents with Northern and Western European ancestry
581,-52092.83481847436,-965.9379024665392,-7283.931407597409,NA11931,EUR,CEU,Utah residents with Northern and Western European ancestry
582,-61967.22200105129,-2565.8589491074868,-5255.315276031179,NA11932,EUR,CEU,Utah residents with Northern and Western European ancestry
583,-51838.35128458918,1823.2438536337002,-599.3057218127888,NA11933,EUR,CEU,Utah residents with Northern and Western European ancestry
584,-56922.55316165146,2145.1704663422674,14292.222771036682,NA11992,EUR,CEU,Utah residents with Northern and Western European ancestry
585,-35475.11846265769,17280.676830121596,-21371.126976986357,NA11994,EUR,CEU,Utah residents with Northern and Western European ancestry
586,-58778.205680162726,2396.454073268419,-650.7987352414772,NA11995,EUR,CEU,Utah residents with Northern and Western European ancestry
587,-44298.412424728784,9829.226464961921,4592.469990125931,NA12003,EUR,CEU,Utah residents with Northern and Western European ancestry
588,-41019.411768635066,13004.932312943905,14347.214056428544,NA12004,EUR,CEU,Utah residents with Northern and Western European ancestry
589,-44146.184342837514,1945.656076433086,-2345.6964010888555,NA12005,EUR,CEU,Utah residents with Northern and Western European ancestry
590,-44069.223418622576,9752.558441084242,4379.893561411814,NA12006,EUR,CEU,Utah residents with Northern and Western European ancestry
591,-59316.35403104292,4638.772910365368,2957.988963253934,NA12043,EUR,CEU,Utah residents with Northern and Western European ancestry
592,-31441.44630971665,2597.340199602959,2344.6447387250914,NA12044,EUR,CEU,Utah residents with Northern and Western European ancestry
593,-55187.12823730763,11283.295176976082,-11792.081455083064,NA12045,EUR,CEU,Utah residents with Northern and Western European ancestry
594,-42971.80471436586,5490.470858724597,8091.712884359521,NA12046,EUR,CEU,Utah residents with Northern and Western European ancestry
595,-48507.00502719654,13440.122619026786,-207.2044077356536,NA12058,EUR,CEU,Utah residents with Northern and Western European ancestry
596,-50344.21748545904,-3872.4812048955196,1323.106470525042,NA12144,EUR,CEU,Utah residents with Northern and Western European ancestry
597,-43311.54607512118,11489.885228248557,3902.8944961943375,NA12154,EUR,CEU,Utah residents with Northern and Western European ancestry
598,-57940.757632817105,-6036.994892399655,-3556.547294681922,NA12155,EUR,CEU,Utah residents with Northern and Western European ancestry
599,-54624.14432975891,10366.33502375057,3870.2777765766277,NA12156,EUR,CEU,Utah residents with Northern and Western European ancestry
600,-52590.13787020085,1319.7213958102511,-5093.944075586494,NA12234,EUR,CEU,Utah residents with Northern and Western European ancestry
601,-61126.79614570496,14536.595480706905,-12778.414439931934,NA12249,EUR,CEU,Utah residents with Northern and Western European ancestry
602,-39869.851176921526,5223.166385272626,-9353.92264030697,NA12272,EUR,CEU,Utah residents with Northern and Western European ancestry
603,-36687.09262435556,1692.7907736213738,1395.7185439086088,NA12273,EUR,CEU,Utah residents with Northern and Western European ancestry
604,-37343.015328741865,5716.489577801811,7163.817839687758,NA12275,EUR,CEU,Utah residents with Northern and Western European ancestry
605,-39080.279488808854,10419.613121798013,-13182.99063293829,NA12282,EUR,CEU,Utah residents with Northern and Western European ancestry
606,-42090.030326746164,12313.85454627154,-17445.12714658663,NA12283,EUR,CEU,Utah residents with Northern and Western European ancestry
607,-45758.19249092046,5379.103906452461,6147.658977848989,NA12286,EUR,CEU,Utah residents with Northern and Western European ancestry
608,-46169.93267832394,7700.391064974026,12834.81914431913,NA12287,EUR,CEU,Utah residents with Northern and Western European ancestry
609,-48437.04524245038,10581.11542249741,-5917.585553275284,NA12340,EUR,CEU,Utah residents with Northern and Western European ancestry
610,-23826.53857290244,9003.226653938895,18797.297751919967,NA12341,EUR,CEU,Utah residents with Northern and Western European ancestry
611,-53459.408675009,5902.197281029438,-1921.1564375401633,NA12342,EUR,CEU,Utah residents with Northern and Western European ancestry
612,-37549.46266564917,932.9689362746403,-5089.7035210999165,NA12347,EUR,CEU,Utah residents with Northern and Western European ancestry
613,-26098.79919525696,16125.068390433293,9524.471769503552,NA12348,EUR,CEU,Utah residents with Northern and Western European ancestry
614,-43473.076183764315,9729.136108287346,-108.35682477156962,NA12383,EUR,CEU,Utah residents with Northern and Western European ancestry
615,-47974.3011437291,11598.06866704457,4704.01946184193,NA12399,EUR,CEU,Utah residents with Northern and Western European ancestry
616,-48989.94567649914,5190.30577364051,-8641.402279097521,NA12400,EUR,CEU,Utah residents with Northern and Western European ancestry
617,-42641.043899941,-846.7556522679403,14853.583673048086,NA12413,EUR,CEU,Utah residents with Northern and Western European ancestry
618,-41084.83869219515,3110.100106156249,-3326.057644229616,NA12414,EUR,CEU,Utah residents with Northern and Western European ancestry
619,-68144.7529962197,2607.3458128541056,13605.414801589934,NA12489,EUR,CEU,Utah residents with Northern and Western European ancestry
620,-55431.331432351755,-658.3438921311686,9491.420788745243,NA12546,EUR,CEU,Utah residents with Northern and Western European ancestry
621,-63091.757611296314,8554.17296940467,2164.1239992711953,NA12716,EUR,CEU,Utah residents with Northern and Western European ancestry
622,-50579.04056597491,2056.193290423955,2166.471738553076,NA12717,EUR,CEU,Utah residents with Northern and Western European ancestry
623,-57251.712080939935,3299.6606124829937,7807.581586773351,NA12718,EUR,CEU,Utah residents with Northern and Western European ancestry
624,-60650.220100584476,10086.046624576875,-9127.613885348568,NA12748,EUR,CEU,Utah residents with Northern and Western European ancestry
625,-60231.514480290345,10596.432822816216,5822.8399192774405,NA12749,EUR,CEU,Utah residents with Northern and Western European ancestry
626,-56101.81029800034,1665.7501391693638,10365.751105801703,NA12750,EUR,CEU,Utah residents with Northern and Western European ancestry
627,-51333.27052055815,9792.484913065997,-8029.598808290498,NA12751,EUR,CEU,Utah residents with Northern and Western European ancestry
628,-38839.608129726315,14965.895716547646,-15532.64522880664,NA12760,EUR,CEU,Utah residents with Northern and Western European ancestry
629,-57314.154249364336,-2894.3429618794426,12426.257619752514,NA12761,EUR,CEU,Utah residents with Northern and Western European ancestry
630,-67568.04107995861,10077.562104102619,429.25302893217173,NA12762,EUR,CEU,Utah residents with Northern and Western European ancestry
631,-57172.200333459565,-6560.920125261053,-5295.382149303138,NA12763,EUR,CEU,Utah residents with Northern and Western European ancestry
632,-64596.107626021476,-1422.7405745123506,6207.130468479108,NA12775,EUR,CEU,Utah residents with Northern and Western European ancestry
633,-37930.26485335392,8462.88357730894,4337.787548039657,NA12776,EUR,CEU,Utah residents with Northern and Western European ancestry
634,-70232.29415986252,7703.414316254529,1377.0165402824448,NA12777,EUR,CEU,Utah residents with Northern and Western European ancestry
635,-42880.64836842723,8557.970235100756,2513.6872494418785,NA12778,EUR,CEU,Utah residents with Northern and Western European ancestry
636,-61818.48432591326,20070.530135767225,-11967.673647059071,NA12812,EUR,CEU,Utah residents with Northern and Western European ancestry
637,-41528.06859196666,11190.393048983648,-3922.6147512620705,NA12813,EUR,CEU,Utah residents with Northern and Western European ancestry
638,-46645.373079061785,16187.920851121413,-5624.054364517459,NA12814,EUR,CEU,Utah residents with Northern and Western European ancestry
639,-42186.73400578421,6694.545082298031,-9900.218310244949,NA12815,EUR,CEU,Utah residents with Northern and Western European ancestry
640,-47752.57026916846,9080.160829126324,-8413.156531961533,NA12827,EUR,CEU,Utah residents with Northern and Western European ancestry
641,-59809.158460947794,16544.487007533717,-2097.436597031087,NA12828,EUR,CEU,Utah residents with Northern and Western European ancestry
642,-46759.847933788624,16582.833231381956,7194.045087841366,NA12829,EUR,CEU,Utah residents with Northern and Western European ancestry
643,-49142.302517709846,19355.623263903726,-9677.594281189296,NA12830,EUR,CEU,Utah residents with Northern and Western European ancestry
644,-54240.37290748976,6261.177276799719,15959.423963512732,NA12842,EUR,CEU,Utah residents with Northern and Western European ancestry
645,-41622.0644336741,5284.312571446262,4698.541070589841,NA12843,EUR,CEU,Utah residents with Northern and Western European ancestry
646,-53588.76163980479,1240.0882248008295,2228.659051500722,NA12872,EUR,CEU,Utah residents with Northern and Western European ancestry
647,-50959.10526864014,5964.544128959144,-19786.8129393506,NA12873,EUR,CEU,Utah residents with Northern and Western European ancestry
648,-56341.43045017541,4332.709615090804,-23161.224710007336,NA12874,EUR,CEU,Utah residents with Northern and Western European ancestry
649,-53373.60350168202,6228.519356829298,3692.225072768678,NA12878,EUR,CEU,Utah residents with Northern and Western European ancestry
650,-44919.14429756114,5954.188567629817,-10105.95323505202,NA12889,EUR,CEU,Utah residents with Northern and Western European ancestry
651,-35124.738733009675,1629.7727087811156,-757.9118636429525,NA12890,EUR,CEU,Utah residents with Northern and Western European ancestry
652,117619.04709385373,16409.569912640796,1005.0239506237801,NA18528,EAS,CHB,"Han Chinese in Bejing, China"
653,100809.92943873547,17068.312566936507,3160.3528908169314,NA18532,EAS,CHB,"Han Chinese in Bejing, China"
654,125860.06185653045,11203.114440595999,-3157.6918543709394,NA18533,EAS,CHB,"Han Chinese in Bejing, China"
655,113603.52426184567,19307.504192983564,6843.304559935653,NA18535,EAS,CHB,"Han Chinese in Bejing, China"
656,134107.36813905573,16966.04228516015,4501.041989660726,NA18537,EAS,CHB,"Han Chinese in Bejing, China"
657,127073.5902266776,12118.617978240793,-39.588729557620454,NA18538,EAS,CHB,"Han Chinese in Bejing, China"
658,124196.12181433577,12122.955939107002,2056.9455004537504,NA18547,EAS,CHB,"Han Chinese in Bejing, China"
659,127907.66127039518,10565.921596587532,-712.9641077962832,NA18549,EAS,CHB,"Han Chinese in Bejing, China"
660,121430.27616318341,6320.445683587604,6032.087854131067,NA18550,EAS,CHB,"Han Chinese in Bejing, China"
661,134991.2829297551,25394.8285027952,-4193.211422754751,NA18555,EAS,CHB,"Han Chinese in Bejing, China"
662,108767.2796139472,7796.560713841658,1331.8923516470427,NA18562,EAS,CHB,"Han Chinese in Bejing, China"
663,115017.2061410113,15632.512811873423,-1846.3377858492872,NA18564,EAS,CHB,"Han Chinese in Bejing, China"
664,126883.94849686396,19306.90849418205,-649.2350807030227,NA18565,EAS,CHB,"Han Chinese in Bejing, China"
665,134485.0742739395,8771.49641828142,7026.571889411483,NA18566,EAS,CHB,"Han Chinese in Bejing, China"
666,128328.45087753565,9493.876120896779,4714.655862681008,NA18573,EAS,CHB,"Han Chinese in Bejing, China"
667,115184.40948575697,15567.690750466196,-2380.8325042105466,NA18574,EAS,CHB,"Han Chinese in Bejing, China"
668,102147.2569955448,21102.7349691124,-14598.119129694558,NA18582,EAS,CHB,"Han Chinese in Bejing, China"
669,124331.71940747598,8358.883562783261,6741.343041828273,NA18592,EAS,CHB,"Han Chinese in Bejing, China"
670,124267.39219494995,9160.364930587704,22.74420632796036,NA18593,EAS,CHB,"Han Chinese in Bejing, China"
671,113796.65767624528,-1922.9703701766928,1700.352618636469,NA18608,EAS,CHB,"Han Chinese in Bejing, China"
672,121683.7602881402,23141.756495905916,-4291.948289419577,NA18609,EAS,CHB,"Han Chinese in Bejing, China"
673,95031.70786460934,10175.925574176412,-1125.8121811008011,NA18610,EAS,CHB,"Han Chinese in Bejing, China"
674,102548.38311841877,18881.544440332353,-4708.608600952053,NA18618,EAS,CHB,"Han Chinese in Bejing, China"
675,129909.98354773043,23682.777074135443,-9977.668176404468,NA18619,EAS,CHB,"Han Chinese in Bejing, China"
676,115735.60670200866,11133.490925166612,-8920.851225916073,NA18620,EAS,CHB,"Han Chinese in Bejing, China"
677,115974.35414672342,8342.340239405625,1446.8090282873102,NA18622,EAS,CHB,"Han Chinese in Bejing, China"
678,121705.44663036162,12029.630524644874,-11554.209160172284,NA18623,EAS,CHB,"Han Chinese in Bejing, China"
679,106826.97840862843,7677.718926046481,-456.5797765822987,NA18629,EAS,CHB,"Han Chinese in Bejing, China"
680,120911.8344631077,18467.32408581774,-8053.9809767574225,NA18636,EAS,CHB,"Han Chinese in Bejing, China"
681,110699.64147990389,-2789.473664869017,-1488.3779566403925,NA18638,EAS,CHB,"Han Chinese in Bejing, China"
682,128144.02916325771,6678.688223142862,-32.79072156278739,NA18639,EAS,CHB,"Han Chinese in Bejing, China"
683,103587.1523970693,7870.585361796768,9657.093518380168,NA18640,EAS,CHB,"Han Chinese in Bejing, China"
684,103771.09391310805,16221.878564187236,-14822.872393140638,NA18642,EAS,CHB,"Han Chinese in Bejing, China"
685,108485.32711483764,4321.482055406452,-8275.60500572577,NA18643,EAS,CHB,"Han Chinese in Bejing, China"
686,120314.55361818125,14290.579470010824,4025.289184509328,NA18646,EAS,CHB,"Han Chinese in Bejing, China"
687,116522.87054186102,6139.970961705068,11002.62024399352,NA18747,EAS,CHB,"Han Chinese in Bejing, China"
688,108842.72168039657,9579.476466342883,-3039.6029375848602,NA18748,EAS,CHB,"Han Chinese in Bejing, China"
689,104613.04546524552,4317.258936131711,14481.939460488806,NA18749,EAS,CHB,"Han Chinese in Bejing, China"
690,108043.75254947275,-1795.1994218840039,-7470.516106865016,NA18944,EAS,JPT,"Japanese in Tokyo, Japan"
691,118941.34374634718,3117.958528123147,5306.997046305055,NA18950,EAS,JPT,"Japanese in Tokyo, Japan"
692,100672.79853813554,13877.646028546582,-6644.830166937454,NA18951,EAS,JPT,"Japanese in Tokyo, Japan"
693,113896.04871814897,9303.632778619769,110.67502003549885,NA18954,EAS,JPT,"Japanese in Tokyo, Japan"
694,124008.83280121049,8354.785479078517,7041.710997527893,NA18956,EAS,JPT,"Japanese in Tokyo, Japan"
695,90389.19259579391,2994.640981568467,936.790127741997,NA18957,EAS,JPT,"Japanese in Tokyo, Japan"
696,125227.81373347434,-3786.405723734182,6725.067393921858,NA18961,EAS,JPT,"Japanese in Tokyo, Japan"
697,120184.71040687517,7329.543363594552,7731.662290033079,NA18966,EAS,JPT,"Japanese in Tokyo, Japan"
698,109969.31075359175,9343.417391338538,6503.839717765097,NA18967,EAS,JPT,"Japanese in Tokyo, Japan"
699,109865.61322270459,15941.978631238875,428.55004889643624,NA18968,EAS,JPT,"Japanese in Tokyo, Japan"
700,115738.990060819,10367.980937448376,5024.532119850759,NA18974,EAS,JPT,"Japanese in Tokyo, Japan"
701,114975.98833484552,14924.361573291075,6201.035623552254,NA18976,EAS,JPT,"Japanese in Tokyo, Japan"
702,118395.4432772113,16736.70552054834,8209.734711355404,NA18978,EAS,JPT,"Japanese in Tokyo, Japan"
703,110650.39521547411,5264.725650069546,-4931.090598588421,NA18980,EAS,JPT,"Japanese in Tokyo, Japan"
704,115659.81902263488,16383.684823652602,1627.3731778534568,NA18982,EAS,JPT,"Japanese in Tokyo, Japan"
705,118965.66796418974,8972.886538620953,4887.1607250032575,NA18986,EAS,JPT,"Japanese in Tokyo, Japan"
706,110557.162322755,8007.086080183585,464.4099078366629,NA18987,EAS,JPT,"Japanese in Tokyo, Japan"
707,104833.79550669748,5983.449663043187,-14853.780075314548,NA18989,EAS,JPT,"Japanese in Tokyo, Japan"
708,113716.49843333238,2850.129455556293,-7330.304281590748,NA18990,EAS,JPT,"Japanese in Tokyo, Japan"
709,114721.33622138479,13602.923913223336,1549.5885326149107,NA18992,EAS,JPT,"Japanese in Tokyo, Japan"
710,116127.01220691066,17014.796905531213,-13199.195208337711,NA18994,EAS,JPT,"Japanese in Tokyo, Japan"
711,108629.3735931494,10602.076875476365,15095.629578056716,NA18997,EAS,JPT,"Japanese in Tokyo, Japan"
712,109019.26762536801,-1090.462054376916,11717.112184622349,NA19000,EAS,JPT,"Japanese in Tokyo, Japan"
713,119431.57914208072,4471.344928986089,4855.381979378949,NA19003,EAS,JPT,"Japanese in Tokyo, Japan"
714,109814.29965696095,8591.573489067323,1465.418628628601,NA19004,EAS,JPT,"Japanese in Tokyo, Japan"
715,91375.28993522242,-1628.9299542200495,-13531.99247081267,NA19009,EAS,JPT,"Japanese in Tokyo, Japan"
716,118933.52381748437,16243.414421598309,-1158.761648330368,NA19010,EAS,JPT,"Japanese in Tokyo, Japan"
717,116659.3569018029,14271.524217343027,-11848.351117668524,NA19011,EAS,JPT,"Japanese in Tokyo, Japan"
718,98696.94019964375,522.1390688023234,-12869.476090941815,NA19056,EAS,JPT,"Japanese in Tokyo, Japan"
719,114889.03168622995,2966.668947324913,4132.299875322197,NA19058,EAS,JPT,"Japanese in Tokyo, Japan"
720,107674.84423041974,3482.058433164654,8193.14676852706,NA19060,EAS,JPT,"Japanese in Tokyo, Japan"
721,101805.02910860348,-645.6889438995012,1355.6046178547092,NA19063,EAS,JPT,"Japanese in Tokyo, Japan"
722,121206.68202219297,9036.17755109396,-5694.381951373604,NA19064,EAS,JPT,"Japanese in Tokyo, Japan"
723,102938.6728717201,14370.737693330782,-5583.315626430014,NA19065,EAS,JPT,"Japanese in Tokyo, Japan"
724,119336.87184551905,6901.817693493241,6459.09345153738,NA19068,EAS,JPT,"Japanese in Tokyo, Japan"
725,102530.24009862384,9903.538694761044,-5942.090923876638,NA19072,EAS,JPT,"Japanese in Tokyo, Japan"
726,118109.59174432889,10141.753280483377,2229.214252427257,NA19074,EAS,JPT,"Japanese in Tokyo, Japan"
727,126561.11481266301,14286.800675533555,3220.6029561648875,NA19080,EAS,JPT,"Japanese in Tokyo, Japan"
728,109517.4074125961,2617.805831345929,-8068.760587483854,NA19083,EAS,JPT,"Japanese in Tokyo, Japan"
729,113309.8513465787,-532.2957822419187,10303.052861456206,NA19087,EAS,JPT,"Japanese in Tokyo, Japan"
730,110434.1722172013,8798.12567927167,4994.104542370946,NA19089,EAS,JPT,"Japanese in Tokyo, Japan"
731,-67169.4568721482,8123.764526080187,21515.879013006102,NA20502,EUR,TSI,Toscani in Italy
732,-31940.601436071545,5204.101348794257,-8937.061584709058,NA20503,EUR,TSI,Toscani in Italy
733,-42594.31151150441,-2500.4771921944675,11315.603591955385,NA20504,EUR,TSI,Toscani in Italy
734,-63076.20704904932,5204.429292587708,11475.647959954864,NA20505,EUR,TSI,Toscani in Italy
735,-51635.25604458933,2689.235943135756,15404.669126814224,NA20506,EUR,TSI,Toscani in Italy
736,-61506.88935910639,14411.967723715206,-1635.6274962595367,NA20507,EUR,TSI,Toscani in Italy
737,-46072.31815217281,4813.287309431331,4992.820748441861,NA20508,EUR,TSI,Toscani in Italy
738,-43903.84023581249,5050.133265326703,16730.483566206134,NA20509,EUR,TSI,Toscani in Italy
739,-25176.091375460855,4235.271619333598,-11885.681649041913,NA20510,EUR,TSI,Toscani in Italy
740,-35625.72975517597,-545.2168972635288,-11954.280261688275,NA20511,EUR,TSI,Toscani in Italy
741,-39558.89947900697,7506.613643846362,-5355.401304939209,NA20512,EUR,TSI,Toscani in Italy
742,-50946.44354002053,3353.785082377384,-3733.3573593728397,NA20513,EUR,TSI,Toscani in Italy
743,-38444.25594778556,-5819.261111758525,10820.519821162734,NA20514,EUR,TSI,Toscani in Italy
744,-45755.82893227751,5870.970503229179,4151.623044495132,NA20515,EUR,TSI,Toscani in Italy
745,-47939.43394287436,5826.509129127382,17537.723900365567,NA20516,EUR,TSI,Toscani in Italy
746,-26818.661325916564,-84.02618171354752,-1199.9957494583812,NA20517,EUR,TSI,Toscani in Italy
747,-54209.679650257334,8894.405090876773,9850.73107120664,NA20518,EUR,TSI,Toscani in Italy
748,-49673.57107376687,11275.852011289697,15516.345075028652,NA20519,EUR,TSI,Toscani in Italy
749,-10398.33605898934,12771.065306570383,-4405.117954851201,NA20520,EUR,TSI,Toscani in Italy
750,-52582.40221631536,-5830.932937020132,-10742.918228045985,NA20521,EUR,TSI,Toscani in Italy
751,-51395.84718427024,1191.3987637223217,-9625.293584971718,NA20522,EUR,TSI,Toscani in Italy
752,-48381.72600648771,7630.8786139692365,16017.661826465677,NA20524,EUR,TSI,Toscani in Italy
753,-55126.700909290725,-3784.6154889520535,6440.4972600477095,NA20525,EUR,TSI,Toscani in Italy
754,-65018.29741828051,8039.0168492997645,-4898.673361082954,NA20527,EUR,TSI,Toscani in Italy
755,-36119.79984126545,1420.8856231503796,-5935.90540853574,NA20528,EUR,TSI,Toscani in Italy
756,-38584.19596623231,12949.455733490144,7502.188549752294,NA20529,EUR,TSI,Toscani in Italy
757,-61241.308075063556,15785.277813283876,-19261.952934028854,NA20530,EUR,TSI,Toscani in Italy
758,-57819.42086443726,9692.234469911331,-13979.14563357858,NA20531,EUR,TSI,Toscani in Italy
759,-56844.50762076565,9182.19580740768,306.926959253136,NA20532,EUR,TSI,Toscani in Italy
760,-52356.0048142033,-1724.5163111048992,-757.7042182364073,NA20533,EUR,TSI,Toscani in Italy
761,-49139.99463347021,14574.149918401105,10535.23905927413,NA20534,EUR,TSI,Toscani in Italy
762,-47426.59529476466,1803.1897910599766,4151.919237722753,NA20535,EUR,TSI,Toscani in Italy
763,-37611.592930953535,5152.719247297606,-8024.771286668164,NA20536,EUR,TSI,Toscani in Italy
764,-36293.51494737248,1902.3524187601968,-14542.760065072813,NA20538,EUR,TSI,Toscani in Italy
765,-51058.701918518185,-3751.434774686164,-10088.761707736341,NA20539,EUR,TSI,Toscani in Italy
766,-65346.99547632037,2838.074875029499,21412.474331544545,NA20540,EUR,TSI,Toscani in Italy
767,-33719.08775440056,9761.201895055374,5239.460256045749,NA20541,EUR,TSI,Toscani in Italy
768,-29382.29603575059,5774.352205717772,5563.880328835531,NA20542,EUR,TSI,Toscani in Italy
769,-36939.98943883467,16638.09187944961,4460.266618632365,NA20543,EUR,TSI,Toscani in Italy
770,-44701.85603754628,7684.072876177296,-7104.3232126231815,NA20544,EUR,TSI,Toscani in Italy
771,-36807.450036680646,2807.060673252276,2601.3811614061815,NA20581,EUR,TSI,Toscani in Italy
772,-58853.30891393074,7572.270743904367,-12705.52616435988,NA20582,EUR,TSI,Toscani in Italy
773,-51812.36421535967,5378.431836453181,-4106.223726540979,NA20585,EUR,TSI,Toscani in Italy
774,-46695.79435584578,7049.803274266483,1420.3260271109734,NA20586,EUR,TSI,Toscani in Italy
775,-57997.38873494629,2137.28392430576,-8143.231955201827,NA20587,EUR,TSI,Toscani in Italy
776,-46741.854882797714,8938.939920977626,4388.913972000766,NA20588,EUR,TSI,Toscani in Italy
777,-55994.93393525568,9088.442823978514,1073.3829482379974,NA20589,EUR,TSI,Toscani in Italy
778,-51852.46940201167,298.34063752793685,12722.898242417863,NA20752,EUR,TSI,Toscani in Italy
779,-44699.41988354215,3189.428879751458,7473.984796071673,NA20753,EUR,TSI,Toscani in Italy
780,-37024.01689743737,17629.287368687343,18442.408024241122,NA20754,EUR,TSI,Toscani in Italy
781,-61863.202180098786,2522.805811212522,2711.4632435295557,NA20755,EUR,TSI,Toscani in Italy
782,-50681.51877692364,3086.5592874366966,-4465.14611803074,NA20756,EUR,TSI,Toscani in Italy
783,-51183.45968281471,1141.8716622265435,14601.148158721167,NA20757,EUR,TSI,Toscani in Italy
784,-54547.74459798187,846.343156775463,-2255.396853303184,NA20758,EUR,TSI,Toscani in Italy
785,-54156.98974145365,-670.7681637305778,1834.5313933642162,NA20759,EUR,TSI,Toscani in Italy
786,-56733.99097487833,137.87250055272386,-2629.4408602639824,NA20760,EUR,TSI,Toscani in Italy
787,-57061.495704725174,10266.55442020364,-16211.221503662575,NA20761,EUR,TSI,Toscani in Italy
788,-35004.45792937846,7661.089077429098,-880.6410949349408,NA20762,EUR,TSI,Toscani in Italy
789,-52358.65098322719,10575.920277550395,-9845.266012111784,NA20763,EUR,TSI,Toscani in Italy
790,-60717.70487998833,2657.24854573319,-4406.259947912369,NA20764,EUR,TSI,Toscani in Italy
791,-44612.65504557785,6637.627574941325,-1572.8417688571533,NA20765,EUR,TSI,Toscani in Italy
792,-39595.247449777766,2846.5682656818076,-9830.822669008967,NA20766,EUR,TSI,Toscani in Italy
793,-29209.337435714966,-1480.9582975450232,10416.90586431396,NA20767,EUR,TSI,Toscani in Italy
794,-34425.608522051894,-1424.3657924973813,10866.938714374048,NA20768,EUR,TSI,Toscani in Italy
795,-29261.18837751422,6769.75064637741,3378.43494289298,NA20769,EUR,TSI,Toscani in Italy
796,-37922.65703586607,6404.755700696237,4310.32032318758,NA20770,EUR,TSI,Toscani in Italy
797,-47312.257471436074,9125.02867710806,-17379.82203674539,NA20771,EUR,TSI,Toscani in Italy
798,-49846.51401215183,1915.915499543446,-1468.8830385597144,NA20772,EUR,TSI,Toscani in Italy
799,-46722.24905896732,13942.388428361402,11972.945353051331,NA20773,EUR,TSI,Toscani in Italy
800,-36233.50494120579,8749.827378502301,14764.413178196253,NA20774,EUR,TSI,Toscani in Italy
801,-61443.480006249556,-740.1153452941951,6303.989597041285,NA20775,EUR,TSI,Toscani in Italy
802,-55484.89401781696,775.0025109535711,-3327.998071743224,NA20778,EUR,TSI,Toscani in Italy
803,-38692.3864029758,2559.806292330306,11813.346998894263,NA20783,EUR,TSI,Toscani in Italy
804,-36815.28761900886,10857.077585810259,5855.187041234701,NA20785,EUR,TSI,Toscani in Italy
805,-25117.16064909269,-3796.8660758168025,5543.521828951946,NA20786,EUR,TSI,Toscani in Italy
806,-44137.59744805737,-3093.974995846051,622.1668796721614,NA20787,EUR,TSI,Toscani in Italy
807,-31773.835865513287,-3570.243396442624,8787.258374539051,NA20790,EUR,TSI,Toscani in Italy
808,-40311.462583280474,-5356.351538609558,-3448.595545994562,NA20792,EUR,TSI,Toscani in Italy
809,-45111.503589081476,3479.4037085164623,3960.9719882858244,NA20795,EUR,TSI,Toscani in Italy
810,-36930.604599182996,6009.0557886217075,-9260.205595645735,NA20796,EUR,TSI,Toscani in Italy
811,-66488.9469325369,42.47447347012685,18724.032385982227,NA20797,EUR,TSI,Toscani in Italy
812,-34970.907362052996,13206.82228243331,7427.9985911206895,NA20798,EUR,TSI,Toscani in Italy
813,-36590.03716194044,12406.61973642135,7191.911053076931,NA20799,EUR,TSI,Toscani in Italy
814,-34829.95027779615,2647.088528371214,58.18153302276726,NA20800,EUR,TSI,Toscani in Italy
815,-58842.6624193795,7802.910394333522,6352.41154050068,NA20801,EUR,TSI,Toscani in Italy
816,-39016.79382391864,8545.598716015571,-1026.5029739892088,NA20802,EUR,TSI,Toscani in Italy
817,-45596.85228314262,12931.977976769062,-7566.165328130018,NA20803,EUR,TSI,Toscani in Italy
818,-46036.46459259537,17981.984561471658,-4786.190189772495,NA20804,EUR,TSI,Toscani in Italy
819,-47610.33797255569,3963.4792146288796,-3137.5387412085147,NA20805,EUR,TSI,Toscani in Italy
820,-52452.39455682185,8229.241433247165,-673.6333814319468,NA20806,EUR,TSI,Toscani in Italy
821,-59096.12882174924,4812.819562685128,9933.391367901671,NA20807,EUR,TSI,Toscani in Italy
822,-14484.11696714449,6464.2127197013015,-8326.30639852846,NA20808,EUR,TSI,Toscani in Italy
823,-32010.63552110696,2701.666529784712,-3893.9680272863025,NA20809,EUR,TSI,Toscani in Italy
824,-56227.77066322528,-2824.3176935052174,1677.6272655988007,NA20810,EUR,TSI,Toscani in Italy
825,-63558.35776678431,3705.7515782935025,11591.00595072339,NA20811,EUR,TSI,Toscani in Italy
826,-35134.74069407017,83.15348813811987,1043.9437395694658,NA20812,EUR,TSI,Toscani in Italy
827,-42922.259131584455,5195.072842039442,4692.593605034902,NA20813,EUR,TSI,Toscani in Italy
828,-48131.11131170041,6681.635412737783,8566.348323482724,NA20814,EUR,TSI,Toscani in Italy
829,-46635.12707799544,-450.9195005048996,5509.586546170919,NA20815,EUR,TSI,Toscani in Italy
830,-37295.840568021784,17663.780647688614,9277.21435910087,NA20818,EUR,TSI,Toscani in Italy
831,-32508.7665253545,18034.443011210442,109.54385540050939,NA20819,EUR,TSI,Toscani in Italy
832,-49794.91655851459,4046.4015975789757,-765.8262411168812,NA20821,EUR,TSI,Toscani in Italy
833,-40476.725447725745,1083.412507234478,-1116.407456578254,NA20822,EUR,TSI,Toscani in Italy
834,-36619.73517497848,7618.005579868987,-9002.554453361357,NA20826,EUR,TSI,Toscani in Italy
835,-49261.35363822685,6616.272238184132,-2783.802278820451,NA20827,EUR,TSI,Toscani in Italy
836,-30500.733247681186,4386.546757402133,-5783.871273811085,NA20828,EUR,TSI,Toscani in Italy
837,-55389.71580173198,7244.660426588277,-9404.625256604648,NA20832,EUR,TSI,Toscani in Italy
838,-7295.346734685765,-23254.693561378634,1958.8485598768755,NA20846,SAS,GIH,"Gujarati Indian in Houston,TX"
839,13392.135043595217,-32128.258831105013,811.9128452370229,NA20849,SAS,GIH,"Gujarati Indian in Houston,TX"
840,-1941.0227894892832,-32784.34154383205,702.3430849749737,NA20851,SAS,GIH,"Gujarati Indian in Houston,TX"
841,25598.585141892087,-22336.704812667915,5571.332752776103,NA20863,SAS,GIH,"Gujarati Indian in Houston,TX"
842,-17449.834013253007,-18343.07724608698,13319.820511949976,NA20866,SAS,GIH,"Gujarati Indian in Houston,TX"
843,-2574.478562426183,-27141.199155930703,-2791.709083946599,NA20869,SAS,GIH,"Gujarati Indian in Houston,TX"
844,-2075.095735704728,-22237.105812681617,-8583.460104859416,NA20870,SAS,GIH,"Gujarati Indian in Houston,TX"
845,-2314.247933023601,-22638.798325703265,637.439824395319,NA20877,SAS,GIH,"Gujarati Indian in Houston,TX"
846,17444.39193892375,-24898.709165770415,-8769.233480766385,NA20878,SAS,GIH,"Gujarati Indian in Houston,TX"
847,12974.154065249011,-39823.6616566394,-2694.0887365903272,NA20884,SAS,GIH,"Gujarati Indian in Houston,TX"
848,2993.745820453668,-26593.758719135993,5202.022824167574,NA20885,SAS,GIH,"Gujarati Indian in Houston,TX"
849,-4225.146966911313,-20986.530817801588,-16316.795134446847,NA20886,SAS,GIH,"Gujarati Indian in Houston,TX"
850,4309.19529420284,-22640.574537860644,-10221.466629811794,NA20887,SAS,GIH,"Gujarati Indian in Houston,TX"
851,-6930.609425722468,-23133.877921551015,-5055.668105224849,NA20890,SAS,GIH,"Gujarati Indian in Houston,TX"
852,6051.1785321560155,-17752.07364431075,1705.771142347041,NA20895,SAS,GIH,"Gujarati Indian in Houston,TX"
853,9628.884325572897,-30999.04764002693,1914.7763158498847,NA20896,SAS,GIH,"Gujarati Indian in Houston,TX"
854,15353.389230907875,-23633.083814250247,3655.4022139687063,NA20897,SAS,GIH,"Gujarati Indian in Houston,TX"
855,19189.38451578178,-29409.45362114893,1820.019655176475,NA20900,SAS,GIH,"Gujarati Indian in Houston,TX"
856,6583.367563903951,-32845.81436951861,-15088.25464485243,NA20903,SAS,GIH,"Gujarati Indian in Houston,TX"
857,-4857.966306968429,-7663.636347114655,-6442.510809044008,NA20904,SAS,GIH,"Gujarati Indian in Houston,TX"
858,14880.317198876524,-29020.42217372241,16933.803649019523,NA20905,SAS,GIH,"Gujarati Indian in Houston,TX"
859,-13.559872204501858,-39295.01230174591,-1795.6032076069262,NA20906,SAS,GIH,"Gujarati Indian in Houston,TX"
860,17530.11785298359,-35764.43516370172,8613.463878019766,NA20908,SAS,GIH,"Gujarati Indian in Houston,TX"
861,9576.604513890788,-30944.971295434338,-13278.557082613932,NA21092,SAS,GIH,"Gujarati Indian in Houston,TX"
862,-2474.428035151993,-36818.13391774566,-3887.6248601403972,NA21094,SAS,GIH,"Gujarati Indian in Houston,TX"
863,-2704.143693325539,-31806.964091270947,14046.249150542579,NA21097,SAS,GIH,"Gujarati Indian in Houston,TX"
864,21144.489281640337,-43298.14257946419,-14073.282067637068,NA21099,SAS,GIH,"Gujarati Indian in Houston,TX"
865,29331.287502008654,-30987.304921445128,6631.869804843643,NA21103,SAS,GIH,"Gujarati Indian in Houston,TX"
866,-3400.6833558987237,-31642.6414222616,-1716.271205454154,NA21114,SAS,GIH,"Gujarati Indian in Houston,TX"
867,13558.756509846526,-35753.38960248521,-9879.9564408546,NA21115,SAS,GIH,"Gujarati Indian in Houston,TX"
868,4607.663841177178,-35391.52909716923,-5965.049411581863,NA21116,SAS,GIH,"Gujarati Indian in Houston,TX"
869,7095.703935514025,-33506.99458406111,6220.504484918528,NA21124,SAS,GIH,"Gujarati Indian in Houston,TX"
870,5457.694033491405,-21419.551120045406,6138.82208546631,NA21130,SAS,GIH,"Gujarati Indian in Houston,TX"
871,8941.888027317504,-35798.305414417206,-5415.141126255741,NA21133,SAS,GIH,"Gujarati Indian in Houston,TX"
872,2139.95477824568,-31567.50385210528,14013.543644230122,NA21142,SAS,GIH,"Gujarati Indian in Houston,TX"
